﻿EmployeeKey,ParentEmployeeKey,SalesTerritoryKey,FirstName,LastName,MiddleName,NameStyle,Title,HireDate,BirthDate,EmailAddress,Phone,MaritalStatus,SalariedFlag,Gender,PayFrequency,BaseRate,VacationHours,SickLeaveHours,DepartmentName,StartDate,EndDate
1,18,11,Guy,Gilbert,R,0,Production Technician - WC60,1/28/2006,11/12/1981,guy1@adventure-works.com,320-555-0195,M,0,M,1,12.45,21,30,Production,1/28/2006,NULL
2,7,11,Kevin,Brown,F,0,Marketing Assistant,8/26/2006,12/1/1986,kevin0@adventure-works.com,150-555-0189,S,0,M,2,13.4615,42,41,Marketing,8/26/2006,NULL
3,14,11,Roberto,Tamburello,NULL,0,Engineering Manager,6/11/2007,6/12/1974,roberto0@adventure-works.com,212-555-0187,M,1,M,2,43.2692,2,21,Engineering,6/11/2007,NULL
4,3,11,Rob,Walters,NULL,0,Senior Tool Designer,7/5/2007,7/23/1974,rob0@adventure-works.com,612-555-0100,S,0,M,2,29.8462,48,80,Tool Design,7/5/2007,12/28/2009
5,3,11,Rob,Walters,NULL,0,Senior Tool Designer,7/5/2007,7/23/1974,rob0@adventure-works.com,612-555-0100,S,0,M,2,29.8462,48,80,Tool Design,12/28/2009,NULL
6,267,11,Thierry,D'Hers,B,0,Tool Designer,7/11/2007,2/26/1959,thierry0@adventure-works.com,168-555-0183,M,0,M,2,25,9,24,Tool Design,7/11/2007,NULL
7,112,11,David,Bradley,M,0,Marketing Manager,7/20/2007,10/17/1974,david0@adventure-works.com,913-555-0172,S,1,M,2,37.5,40,40,Marketing,7/20/2007,2/11/2009
8,112,11,David,Bradley,M,0,Marketing Manager,7/20/2007,10/17/1974,david0@adventure-works.com,913-555-0172,S,1,M,2,37.5,40,40,Marketing,2/12/2009,NULL
9,23,11,JoLynn,Dobney,M,0,Production Supervisor - WC60,7/26/2007,8/16/1955,jolynn0@adventure-works.com,903-555-0145,S,0,F,2,25,82,61,Production,7/26/2007,NULL
10,189,11,Ruth,Ellerbrock,Ann,0,Production Technician - WC10,8/6/2007,1/3/1956,ruth0@adventure-works.com,145-555-0130,M,0,F,1,13.45,83,61,Production,8/6/2007,NULL
11,3,11,Gail,Erickson,A,0,Design Engineer,8/6/2007,4/27/1952,gail0@adventure-works.com,849-555-0139,M,1,F,2,32.6923,5,22,Engineering,8/6/2007,NULL
12,189,11,Barry,Johnson,K,0,Production Technician - WC10,8/7/2007,10/25/1955,barry0@adventure-works.com,206-555-0180,S,0,M,1,13.45,88,64,Production,8/7/2007,NULL
13,3,11,Jossef,Goldberg,H,0,Design Engineer,8/24/2007,10/9/1958,jossef0@adventure-works.com,122-555-0189,M,1,M,2,32.6923,6,23,Engineering,8/24/2007,NULL
14,112,11,Terri,Duffy,Lee,0,Vice President of Engineering,8/31/2007,3/1/1971,terri0@adventure-works.com,819-555-0175,S,1,F,2,63.4615,1,20,Engineering,8/31/2007,NULL
15,189,11,Sidney,Higa,M,0,Production Technician - WC10,9/2/2007,3/30/1956,sidney0@adventure-works.com,424-555-0189,M,0,M,1,13.45,84,62,Production,9/2/2007,NULL
16,23,11,Taylor,Maxwell,R,0,Production Supervisor - WC50,9/8/2007,10/31/1955,taylor0@adventure-works.com,508-555-0165,M,0,M,2,25,79,59,Production,9/8/2007,NULL
17,189,11,Jeffrey,Ford,L,0,Production Technician - WC10,9/20/2007,2/9/1956,jeffrey0@adventure-works.com,984-555-0185,S,0,M,1,13.45,85,62,Production,9/20/2007,NULL
18,23,11,Jo,Brown,A,0,Production Supervisor - WC60,9/27/2007,5/8/1956,jo0@adventure-works.com,632-555-0129,S,0,F,2,25,80,60,Production,9/27/2007,NULL
19,189,11,Doris,Hartwig,M,0,Production Technician - WC10,10/9/2007,11/3/1955,doris0@adventure-works.com,328-555-0150,M,0,F,1,13.45,86,63,Production,10/9/2007,NULL
20,23,11,John,Campbell,T,0,Production Supervisor - WC60,10/16/2007,3/7/1956,john0@adventure-works.com,435-555-0113,M,0,M,2,25,81,60,Production,10/16/2007,NULL
21,189,11,Diane,Glimp,R,0,Production Technician - WC10,10/27/2007,10/28/1955,diane0@adventure-works.com,202-555-0151,M,0,F,1,13.45,87,63,Production,10/27/2007,NULL
22,177,11,Steven,Selikoff,T,0,Production Technician - WC30,7/1/2008,12/12/1976,steven0@adventure-works.com,925-555-0114,M,0,M,1,9.5,41,40,Production,7/1/2008,NULL
23,112,11,Peter,Krebs,J,0,Production Control Manager,7/1/2008,6/3/1982,peter0@adventure-works.com,913-555-0196,M,1,M,2,24.5192,43,41,Production Control,7/1/2008,NULL
24,201,11,Stuart,Munson,V,0,Production Technician - WC45,7/2/2008,4/13/1962,stuart0@adventure-works.com,413-555-0136,S,0,M,1,10,84,62,Production,7/2/2008,NULL
25,201,11,Greg,Alderson,F,0,Production Technician - WC45,7/2/2008,11/15/1975,greg0@adventure-works.com,332-555-0150,S,0,M,1,10,85,62,Production,7/2/2008,NULL
26,188,11,David,Johnson,N,0,Production Technician - WC30,7/2/2008,6/2/1979,david1@adventure-works.com,166-555-0162,S,0,M,1,9.5,25,32,Production,7/2/2008,NULL
27,23,11,Zheng,Mu,W,0,Production Supervisor - WC10,7/3/2008,5/26/1983,zheng0@adventure-works.com,113-555-0173,S,0,M,2,25,66,53,Production,7/3/2008,NULL
28,111,11,Ivo,Salmre,William,0,Production Technician - WC20,7/4/2008,8/3/1981,ivo0@adventure-works.com,115-555-0179,M,0,M,1,14,9,24,Production,7/4/2008,NULL
29,89,11,Paul,Komosinski,B,0,Production Technician - WC40,7/4/2008,6/13/1980,paul0@adventure-works.com,147-555-0160,S,0,M,1,15,68,54,Production,7/4/2008,NULL
30,154,11,Ashvini,Sharma,R,0,Network Administrator,7/4/2008,10/25/1976,ashvini0@adventure-works.com,656-555-0119,S,0,M,2,32.4519,70,55,Information Services,7/4/2008,NULL
31,16,11,Kendall,Keil,C,0,Production Technician - WC50,7/5/2008,12/28/1985,kendall0@adventure-works.com,138-555-0128,M,0,M,1,11,11,25,Production,7/5/2008,NULL
32,143,11,Paula,Barreto de Mattos,M,0,Human Resources Manager,7/6/2008,9/11/1975,paula0@adventure-works.com,523-555-0175,M,1,F,2,27.1394,54,47,Human Resources,7/6/2008,NULL
33,214,11,Alejandro,McGuel,E,0,Production Technician - WC40,7/6/2008,7/5/1988,alejandro0@adventure-works.com,668-555-0130,S,0,M,1,15,52,46,Production,7/6/2008,NULL
34,188,11,Garrett,Young,R,0,Production Technician - WC30,7/7/2008,3/25/1984,garrett0@adventure-works.com,609-555-0179,S,0,M,1,9.5,34,37,Production,7/7/2008,NULL
35,138,11,Jian Shuo,Wang,NULL,0,Production Technician - WC30,7/7/2008,2/24/1983,jianshuo0@adventure-works.com,952-555-0178,S,0,M,1,9.5,36,38,Production,7/7/2008,NULL
36,87,11,Susan,Eaton,W,0,Stocker,7/7/2008,9/17/1977,susan0@adventure-works.com,943-555-0196,S,0,F,1,9,97,68,Shipping and Receiving,7/7/2008,NULL
37,87,11,Vamsi,Kuppa,N,0,Shipping and Receiving Clerk,7/7/2008,10/16/1976,vamsi0@adventure-works.com,937-555-0137,M,0,M,2,9.5,95,67,Shipping and Receiving,7/7/2008,NULL
38,40,11,Alice,Ciccu,O,0,Production Technician - WC50,7/7/2008,8/26/1977,alice0@adventure-works.com,333-555-0173,M,0,F,1,11,95,67,Production,7/7/2008,NULL
39,9,11,Simon,Rapier,D,0,Production Technician - WC60,7/8/2008,12/15/1989,simon0@adventure-works.com,963-555-0134,S,0,M,1,12.45,38,39,Production,7/8/2008,NULL
40,23,11,Jinghao,Liu,K,0,Production Supervisor - WC50,7/8/2008,9/5/1988,jinghao0@adventure-works.com,794-555-0159,S,0,M,2,25,77,58,Production,7/8/2008,NULL
41,186,11,Michael,Hines,T,0,Production Technician - WC20,7/9/2008,12/15/1989,michael0@adventure-works.com,218-555-0126,S,0,M,1,14,20,30,Production,7/9/2008,NULL
42,163,11,Yvonne,McKay,S,0,Production Technician - WC45,7/9/2008,11/13/1988,yvonne0@adventure-works.com,286-555-0189,M,0,F,1,10,79,59,Production,7/9/2008,NULL
43,204,11,Peng,Wu,J,0,Quality Assurance Supervisor,7/9/2008,10/17/1975,peng0@adventure-works.com,164-555-0164,M,1,M,2,21.6346,81,60,Quality Assurance,7/9/2008,NULL
44,112,11,Jean,Trenary,E,0,Information Services Manager,7/11/2008,7/13/1975,jean0@adventure-works.com,685-555-0120,S,1,F,2,50.4808,65,52,Information Services,7/11/2008,NULL
45,76,11,Russell,Hunter,NULL,0,Production Technician - WC50,7/12/2008,6/25/1972,russell0@adventure-works.com,786-555-0144,M,0,M,1,11,6,23,Production,7/12/2008,NULL
46,23,11,A. Scott,Wright,NULL,0,Master Scheduler,7/12/2008,4/17/1968,ascott0@adventure-works.com,992-555-0194,S,0,M,2,23.5577,44,42,Production Control,7/12/2008,NULL
47,214,11,Fred,Northup,T,0,Production Technician - WC40,7/12/2008,1/23/1989,fred0@adventure-works.com,818-555-0192,S,0,M,1,15,47,43,Production,7/12/2008,NULL
48,7,11,Sariya,Harnpadoungsataya,E,0,Marketing Specialist,7/12/2008,12/19/1986,sariya0@adventure-works.com,399-555-0176,S,0,M,2,14.4231,45,42,Marketing,7/12/2008,NULL
49,32,11,Willis,Johnson,T,0,Recruiter,7/13/2008,2/15/1978,willis0@adventure-works.com,778-555-0141,S,0,M,2,18.2692,49,44,Human Resources,7/13/2008,NULL
50,40,11,Jun,Cao,T,0,Production Technician - WC50,7/14/2008,2/3/1979,jun0@adventure-works.com,299-555-0113,S,0,M,1,11,90,65,Production,7/14/2008,NULL
51,222,11,Christian,Kleinerman,E,0,Maintenance Supervisor,7/14/2008,8/18/1975,christian0@adventure-works.com,846-555-0157,M,1,M,2,20.4327,92,66,Facilities and Maintenance,7/14/2008,NULL
52,188,11,Susan,Metters,A,0,Production Technician - WC30,7/14/2008,10/31/1982,susan1@adventure-works.com,639-555-0164,S,0,F,1,9.5,31,35,Production,7/14/2008,NULL
53,23,11,Reuben,D'sa,H,0,Production Supervisor - WC40,7/15/2008,3/27/1987,reuben0@adventure-works.com,191-555-0112,M,0,M,2,25,72,56,Production,7/15/2008,NULL
54,126,11,Kirk,Koenigsbauer,J,0,Production Technician - WC45,7/15/2008,9/6/1984,kirk0@adventure-works.com,669-555-0150,S,0,M,1,10,74,57,Production,7/15/2008,NULL
55,20,11,David,Ortiz,J,0,Production Technician - WC60,7/15/2008,7/29/1984,david2@adventure-works.com,712-555-0119,M,0,M,1,12.45,33,36,Production,7/15/2008,NULL
56,92,11,Tengiz,Kharatishvili,N,0,Control Specialist,7/16/2008,11/26/1989,tengiz0@adventure-works.com,910-555-0116,S,0,M,2,16.8269,76,58,Document Control,7/16/2008,NULL
57,147,11,Hanying,Feng,P,0,Production Technician - WC20,7/16/2008,5/16/1974,hanying0@adventure-works.com,319-555-0139,S,0,M,1,14,15,27,Production,7/16/2008,NULL
58,214,11,Kevin,Liu,H,0,Production Technician - WC40,7/17/2008,7/25/1985,kevin1@adventure-works.com,714-555-0138,S,0,M,1,15,58,49,Production,7/17/2008,NULL
59,18,11,Annik,Stahl,O,0,Production Technician - WC60,7/17/2008,7/26/1976,annik0@adventure-works.com,499-555-0125,M,0,M,1,12.45,17,28,Production,7/17/2008,NULL
60,40,11,Suroor,Fatima,R,0,Production Technician - WC50,7/17/2008,9/25/1977,suroor0@adventure-works.com,932-555-0161,S,0,M,1,11,93,66,Production,7/17/2008,NULL
61,142,11,Deborah,Poe,E,0,Accounts Receivable Specialist,7/18/2008,10/5/1975,deborah0@adventure-works.com,602-555-0194,M,0,F,2,19,60,50,Finance,7/18/2008,NULL
62,76,11,Jim,Scardelis,H,0,Production Technician - WC50,7/19/2008,4/8/1986,jim0@adventure-works.com,679-555-0113,M,0,M,1,11,1,20,Production,7/19/2008,NULL
63,177,11,Carole,Poland,M,0,Production Technician - WC30,7/19/2008,5/19/1983,carole0@adventure-works.com,688-555-0192,M,0,F,1,9.5,42,41,Production,7/19/2008,NULL
64,188,11,George,Li,Z,0,Production Technician - WC30,7/21/2008,11/14/1976,george0@adventure-works.com,518-555-0199,M,0,M,1,9.5,26,33,Production,7/21/2008,NULL
65,89,11,Gary,Yukish,W,0,Production Technician - WC40,7/22/2008,12/15/1987,gary0@adventure-works.com,901-555-0125,S,0,M,1,15,69,54,Production,7/22/2008,NULL
66,23,11,Cristian,Petculescu,K,0,Production Supervisor - WC10,7/22/2008,11/10/1983,cristian0@adventure-works.com,434-555-0133,M,0,M,2,25,67,53,Production,7/22/2008,NULL
67,147,11,Raymond,Sam,K,0,Production Technician - WC20,7/23/2008,9/30/1966,raymond0@adventure-works.com,226-555-0197,M,0,M,1,14,10,25,Production,7/23/2008,NULL
68,44,11,Janaina,Bueno,Barreiro Gambaro,0,Application Specialist,7/23/2008,8/30/1984,janaina0@adventure-works.com,623-555-0155,M,1,F,2,27.4038,71,55,Information Services,7/23/2008,NULL
69,16,11,Bob,Hohman,N,0,Production Technician - WC50,7/24/2008,3/16/1979,bob0@adventure-works.com,611-555-0116,S,0,M,1,11,12,26,Production,7/24/2008,NULL
70,214,11,Shammi,Mohamed,G,0,Production Technician - WC40,7/24/2008,5/4/1980,shammi0@adventure-works.com,793-555-0179,M,0,M,1,15,53,46,Production,7/24/2008,NULL
71,40,11,Linda,Moschell,K,0,Production Technician - WC50,7/25/2008,2/14/1987,linda0@adventure-works.com,612-555-0171,M,0,F,1,11,96,68,Production,7/25/2008,NULL
72,32,11,Mindy,Martin,C,0,Benefits Specialist,7/25/2008,6/20/1984,mindy0@adventure-works.com,522-555-0147,M,0,F,2,16.5865,51,45,Human Resources,7/25/2008,NULL
73,143,11,Wendy,Kahn,Beth,0,Finance Manager,7/25/2008,5/11/1984,wendy0@adventure-works.com,248-555-0134,S,1,F,2,43.2692,55,47,Finance,7/25/2008,NULL
74,87,11,Kim,Ralls,T,0,Stocker,7/26/2008,11/29/1983,kim0@adventure-works.com,309-555-0129,S,0,F,1,9,98,69,Shipping and Receiving,7/26/2008,NULL
75,138,11,Sandra,Reátegui Alayo,NULL,0,Production Technician - WC30,7/26/2008,6/5/1975,sandra0@adventure-works.com,896-555-0168,M,0,F,1,9.5,37,38,Production,7/26/2008,NULL
76,23,11,Kok-Ho,Loh,T,0,Production Supervisor - WC50,7/27/2008,11/27/1979,kok-ho0@adventure-works.com,999-555-0155,S,0,M,2,25,78,59,Production,7/27/2008,NULL
77,163,11,Douglas,Hite,B,0,Production Technician - WC45,7/27/2008,6/24/1985,douglas0@adventure-works.com,808-555-0172,M,0,M,1,10,80,60,Production,7/27/2008,NULL
78,9,11,James,Kramer,D,0,Production Technician - WC60,7/27/2008,2/23/1984,james0@adventure-works.com,119-555-0117,M,0,M,1,12.45,39,39,Production,7/27/2008,NULL
79,43,11,Sean,Alexander,P,0,Quality Assurance Technician,7/28/2008,10/5/1975,sean0@adventure-works.com,420-555-0173,S,0,M,2,10.5769,82,61,Quality Assurance,7/28/2008,NULL
80,186,11,Nitin,Mirchandani,S,0,Production Technician - WC20,7/28/2008,7/1/1986,nitin0@adventure-works.com,143-555-0173,S,0,M,1,14,21,30,Production,7/28/2008,NULL
81,162,11,Diane,Margheim,L,0,Research and Development Engineer,7/29/2008,1/3/1986,diane1@adventure-works.com,815-555-0138,S,1,F,2,40.8654,62,51,Research and Development,7/29/2008,NULL
82,18,11,Rebecca,Laszlo,A,0,Production Technician - WC60,7/29/2008,2/4/1988,rebecca0@adventure-works.com,314-555-0113,M,0,F,1,12.45,23,31,Production,7/29/2008,NULL
83,214,11,Rajesh,Patel,M,0,Production Technician - WC40,7/31/2008,5/4/1977,rajesh0@adventure-works.com,373-555-0137,M,0,M,1,15,48,44,Production,7/31/2008,NULL
84,32,11,Vidur,Luthra,X,0,Recruiter,8/1/2008,3/1/1984,vidur0@adventure-works.com,153-555-0186,S,0,M,2,18.2692,50,45,Human Resources,8/1/2008,NULL
85,40,11,John,Evans,P,0,Production Technician - WC50,8/1/2008,12/29/1977,john1@adventure-works.com,172-555-0130,S,0,M,1,11,91,65,Production,8/1/2008,NULL
86,9,11,Nancy,Anderson,A,0,Production Technician - WC60,8/2/2008,6/19/1988,nancy0@adventure-works.com,970-555-0118,M,0,F,1,12.45,34,37,Production,8/2/2008,NULL
87,23,11,Pilar,Ackerman,G,0,Shipping and Receiving Supervisor,8/2/2008,4/9/1972,pilar0@adventure-works.com,577-555-0185,S,1,M,2,19.2308,93,66,Shipping and Receiving,8/2/2008,NULL
88,188,11,David,Yalovsky,A,0,Production Technician - WC30,8/2/2008,3/3/1981,david3@adventure-works.com,373-555-0142,S,0,M,1,9.5,32,36,Production,8/2/2008,NULL
89,23,11,David,Hamilton,P,0,Production Supervisor - WC40,8/3/2008,1/30/1983,david4@adventure-works.com,986-555-0177,S,0,M,2,25,73,56,Production,8/3/2008,NULL
90,126,11,Laura,Steele,C,0,Production Technician - WC45,8/3/2008,7/25/1980,laura0@adventure-works.com,777-555-0141,S,0,F,1,10,75,57,Production,8/3/2008,NULL
91,18,11,Margie,Shoop,W,0,Production Technician - WC60,8/4/2008,12/18/1985,margie0@adventure-works.com,818-555-0128,M,0,F,1,12.45,18,29,Production,8/4/2008,NULL
92,204,11,Zainal,Arifin,T,0,Document Control Manager,8/4/2008,8/30/1975,zainal0@adventure-works.com,204-555-0115,M,0,M,2,17.7885,77,58,Document Control,8/4/2008,NULL
93,214,11,Lorraine,Nay,O,0,Production Technician - WC40,8/4/2008,6/26/1988,lorraine0@adventure-works.com,845-555-0184,M,0,F,1,15,49,44,Production,8/4/2008,NULL
94,147,11,Fadi,Fakhouri,K,0,Production Technician - WC20,8/4/2008,9/15/1988,fadi0@adventure-works.com,935-555-0116,S,0,M,1,14,16,28,Production,8/4/2008,NULL
95,53,11,Ryan,Cornelsen,L,0,Production Technician - WC40,8/5/2008,1/12/1972,ryan0@adventure-works.com,208-555-0114,M,0,M,1,15,59,49,Production,8/5/2008,NULL
96,142,11,Candy,Spoon,L,0,Accounts Receivable Specialist,8/6/2008,9/23/1975,candy0@adventure-works.com,920-555-0177,S,0,F,2,19,61,50,Finance,8/6/2008,NULL
97,76,11,Nuan,Yu,NULL,0,Production Technician - WC50,8/6/2008,10/27/1978,nuan0@adventure-works.com,913-555-0184,S,0,M,1,11,2,21,Production,8/6/2008,NULL
98,46,11,William,Vong,S,0,Scheduling Assistant,8/7/2008,6/6/1981,william0@adventure-works.com,148-555-0145,M,0,M,2,16,45,42,Production Control,8/7/2008,3/31/2011
99,46,11,William,Vong,S,0,Scheduling Assistant,8/7/2008,6/6/1981,william0@adventure-works.com,148-555-0145,M,0,M,2,16,45,42,Production Control,4/1/2011,NULL
100,177,11,Bjorn,Rettig,M,0,Production Technician - WC30,8/7/2008,6/6/1989,bjorn0@adventure-works.com,199-555-0117,S,0,M,1,9.5,43,41,Production,8/7/2008,NULL
101,201,11,Scott,Gode,R,0,Production Technician - WC45,8/8/2008,9/10/1986,scott0@adventure-works.com,391-555-0138,M,0,M,1,10,86,63,Production,8/8/2008,NULL
102,89,11,Michael,Rothkugel,L,0,Production Technician - WC40,8/10/2008,8/4/1990,michael1@adventure-works.com,454-555-0119,S,0,M,1,15,70,55,Production,8/10/2008,NULL
103,147,11,Lane,Sacksteder,M,0,Production Technician - WC20,8/11/2008,4/23/1974,lane0@adventure-works.com,200-555-0117,M,0,M,1,14,11,25,Production,8/11/2008,NULL
104,16,11,Pete,Male,C,0,Production Technician - WC50,8/11/2008,9/3/1976,pete0@adventure-works.com,768-555-0123,S,0,M,1,11,13,26,Production,8/11/2008,NULL
105,44,11,Dan,Bacon,K,0,Application Specialist,8/11/2008,1/24/1981,dan0@adventure-works.com,166-555-0159,M,1,M,2,27.4038,72,56,Information Services,8/11/2008,NULL
106,143,11,David,Barber,M,0,Assistant to the Chief Financial Officer,8/12/2008,1/20/1964,david5@adventure-works.com,477-555-0132,S,0,M,2,13.4615,56,48,Finance,8/12/2008,NULL
107,76,11,Lolan,Song,B,0,Production Technician - WC50,8/12/2008,8/24/1972,lolan0@adventure-works.com,582-555-0178,M,0,M,1,11,7,23,Production,8/12/2008,NULL
108,214,11,Paula,Nartker,R,0,Production Technician - WC40,8/12/2008,9/10/1986,paula1@adventure-works.com,476-555-0119,M,0,F,1,15,54,47,Production,8/12/2008,NULL
109,7,11,Mary,Gibson,E,0,Marketing Specialist,8/12/2008,4/13/1962,mary0@adventure-works.com,531-555-0183,M,0,F,2,14.4231,46,43,Marketing,8/12/2008,NULL
110,40,11,Mindaugas,Krapauskas,J,0,Production Technician - WC50,8/13/2008,12/5/1977,mindaugas0@adventure-works.com,637-555-0120,M,0,M,1,11,97,68,Production,8/13/2008,NULL
111,23,11,Eric,Gubbels,NULL,0,Production Supervisor - WC20,8/14/2008,8/19/1984,eric0@adventure-works.com,260-555-0119,M,0,M,2,25,40,40,Production,8/14/2008,NULL
112,NULL,11,Ken,Sánchez,J,0,Chief Executive Officer,8/14/2008,8/29/1968,ken0@adventure-works.com,697-555-0142,S,1,M,2,125.5,99,69,Executive,8/14/2008,NULL
113,138,11,Jason,Watters,M,0,Production Technician - WC30,8/14/2008,7/7/1988,jason0@adventure-works.com,571-555-0179,S,0,M,1,9.5,38,39,Production,8/14/2008,NULL
114,43,11,Mark,Harrington,L,0,Quality Assurance Technician,8/15/2008,11/28/1985,mark0@adventure-works.com,147-555-0179,S,0,M,2,10.5769,83,61,Quality Assurance,8/15/2008,NULL
115,163,11,Janeth,Esteves,M,0,Production Technician - WC45,8/15/2008,2/22/1972,janeth0@adventure-works.com,540-555-0191,S,0,F,1,10,81,60,Production,8/15/2008,NULL
116,188,11,Marc,Ingle,J,0,Production Technician - WC30,8/16/2008,5/24/1986,marc0@adventure-works.com,234-555-0169,M,0,M,1,9.5,22,31,Production,8/16/2008,NULL
117,162,11,Gigi,Matthew,N,0,Research and Development Engineer,8/16/2008,8/21/1978,gigi0@adventure-works.com,185-555-0186,M,1,F,2,40.8654,63,51,Research and Development,8/16/2008,NULL
118,111,11,Paul,Singh,R,0,Production Technician - WC20,8/17/2008,6/4/1990,paul1@adventure-works.com,727-555-0112,M,0,M,1,14,6,23,Production,8/17/2008,NULL
119,214,11,Frank,Lee,T,0,Production Technician - WC40,8/17/2008,4/6/1987,frank0@adventure-works.com,158-555-0191,M,0,M,1,15,56,48,Production,8/17/2008,NULL
120,44,11,François,Ajenstat,P,0,Database Administrator,8/17/2008,6/13/1980,françois0@adventure-works.com,785-555-0110,S,1,M,2,38.4615,67,53,Information Services,8/17/2008,NULL
121,16,11,Diane,Tibbott,H,0,Production Technician - WC50,8/18/2008,3/9/1989,diane2@adventure-works.com,361-555-0180,S,0,F,1,11,8,24,Production,8/18/2008,NULL
122,7,11,Jill,Williams,A,0,Marketing Specialist,8/18/2008,1/16/1979,jill0@adventure-works.com,510-555-0121,M,0,F,2,14.4231,47,43,Marketing,8/18/2008,NULL
123,40,11,Angela,Barbariol,W,0,Production Technician - WC50,8/20/2008,12/29/1990,angela0@adventure-works.com,150-555-0194,S,0,F,1,11,92,66,Production,8/20/2008,NULL
124,87,11,Matthias,Berndt,T,0,Shipping and Receiving Clerk,8/20/2008,6/11/1973,matthias0@adventure-works.com,139-555-0120,M,0,M,2,9.5,94,67,Shipping and Receiving,8/20/2008,NULL
125,9,11,Bryan,Baker,NULL,0,Production Technician - WC60,8/21/2008,3/27/1973,bryan0@adventure-works.com,712-555-0113,S,0,M,1,12.45,35,37,Production,8/21/2008,NULL
126,23,11,Jeff,Hay,V,0,Production Supervisor - WC45,8/21/2008,8/15/1976,jeff0@adventure-works.com,350-555-0167,M,0,M,2,25,74,57,Production,8/21/2008,NULL
127,188,11,Eugene,Zabokritski,R,0,Production Technician - WC30,8/21/2008,2/12/1987,eugene0@adventure-works.com,241-555-0191,S,0,M,1,9.5,33,36,Production,8/21/2008,NULL
128,186,11,Barbara,Decker,S,0,Production Technician - WC20,8/22/2008,7/29/1984,barbara0@adventure-works.com,119-555-0192,M,0,F,1,14,17,28,Production,8/22/2008,NULL
129,126,11,Chris,Preston,T,0,Production Technician - WC45,8/22/2008,7/16/1988,chris0@adventure-works.com,200-555-0112,M,0,M,1,10,76,58,Production,8/22/2008,NULL
130,92,11,Sean,Chai,N,0,Document Control Assistant,8/22/2008,10/10/1986,sean1@adventure-works.com,205-555-0132,S,0,M,2,10.25,78,59,Document Control,8/22/2008,NULL
131,44,11,Dan,Wilson,B,0,Database Administrator,8/22/2008,8/6/1975,dan1@adventure-works.com,653-555-0144,M,1,M,2,38.4615,66,53,Information Services,8/22/2008,NULL
132,18,11,Mark,McArthur,K,0,Production Technician - WC60,8/23/2008,4/25/1979,mark1@adventure-works.com,417-555-0154,S,0,M,1,12.45,19,29,Production,8/23/2008,NULL
133,142,11,Bryan,Walton,A,0,Accounts Receivable Specialist,8/24/2008,4/20/1984,bryan1@adventure-works.com,935-555-0199,S,0,M,2,19,62,51,Finance,8/24/2008,NULL
134,76,11,Houman,Pournasseh,N,0,Production Technician - WC50,8/25/2008,3/30/1971,houman0@adventure-works.com,180-555-0136,M,0,M,1,11,3,21,Production,8/25/2008,NULL
135,46,11,Sairaj,Uddin,L,0,Scheduling Assistant,8/26/2008,7/22/1987,sairaj0@adventure-works.com,500-555-0159,M,0,M,2,16,46,43,Production Control,8/26/2008,NULL
136,177,11,Michiko,Osada,F,0,Production Technician - WC30,8/26/2008,1/25/1982,michiko0@adventure-works.com,984-555-0148,S,0,M,1,9.5,44,42,Production,8/26/2008,NULL
137,188,11,Benjamin,Martin,R,0,Production Technician - WC30,8/27/2008,8/5/1985,benjamin0@adventure-works.com,533-555-0111,S,0,M,1,9.5,28,34,Production,8/27/2008,NULL
138,23,11,Cynthia,Randall,S,0,Production Supervisor - WC30,8/27/2008,3/18/1981,cynthia0@adventure-works.com,352-555-0138,S,0,F,2,25,69,54,Production,8/27/2008,NULL
139,201,11,Kathie,Flood,E,0,Production Technician - WC45,8/27/2008,6/1/1990,kathie0@adventure-works.com,446-555-0118,M,0,F,1,10,87,63,Production,8/27/2008,NULL
140,18,11,Britta,Simon,L,0,Production Technician - WC60,8/29/2008,4/28/1989,britta0@adventure-works.com,955-555-0169,M,0,F,1,12.45,14,27,Production,8/29/2008,NULL
141,214,11,Brian,Lloyd,T,0,Production Technician - WC40,8/29/2008,9/10/1976,brian0@adventure-works.com,110-555-0182,S,0,M,1,15,55,47,Production,8/29/2008,NULL
142,143,11,David,Liu,J,0,Accounts Manager,8/30/2008,2/5/1983,david6@adventure-works.com,646-555-0185,M,1,M,2,34.7356,57,48,Finance,8/30/2008,NULL
143,112,11,Laura,Norman,F,0,Chief Financial Officer,8/31/2008,8/6/1975,laura1@adventure-works.com,615-555-0110,M,1,F,2,60.0962,0,20,Executive,8/31/2008,6/13/2013
144,112,11,Laura,Norman,F,0,Chief Financial Officer,8/31/2008,8/6/1975,laura1@adventure-works.com,615-555-0110,M,1,F,2,60.0962,0,20,Executive,6/13/2013,NULL
145,40,11,Michael,Patten,W,0,Production Technician - WC50,8/31/2008,12/1/1973,michael2@adventure-works.com,441-555-0195,S,0,M,1,11,98,69,Production,8/31/2008,NULL
146,138,11,Andy,Ruth,M,0,Production Technician - WC30,8/31/2008,5/20/1983,andy0@adventure-works.com,118-555-0110,M,0,M,1,9.5,39,39,Production,8/31/2008,NULL
147,23,11,Yuhong,Li,L,0,Production Supervisor - WC20,9/1/2008,11/4/1976,yuhong0@adventure-works.com,965-555-0155,M,0,M,2,25,41,40,Production,9/1/2008,NULL
148,163,11,Robert,Rounthwaite,J,0,Production Technician - WC45,9/2/2008,9/28/1984,robert0@adventure-works.com,589-555-0147,S,0,M,1,10,82,61,Production,9/2/2008,NULL
149,43,11,Andreas,Berglund,T,0,Quality Assurance Technician,9/2/2008,10/26/1988,andreas0@adventure-works.com,181-555-0124,M,0,M,2,10.5769,84,62,Quality Assurance,9/2/2008,NULL
150,188,11,Reed,Koch,T,0,Production Technician - WC30,9/2/2008,8/8/1988,reed0@adventure-works.com,678-555-0110,M,0,M,1,9.5,23,31,Production,9/2/2008,NULL
151,147,11,Linda,Randall,A,0,Production Technician - WC20,9/3/2008,5/5/1977,linda1@adventure-works.com,696-555-0157,S,0,F,1,14,12,26,Production,9/3/2008,NULL
152,112,11,James,Hamilton,R,0,Vice President of Production,9/3/2008,2/4/1988,james1@adventure-works.com,870-555-0122,S,1,M,2,84.1346,64,52,Production,9/3/2008,NULL
153,44,11,Ramesh,Meyyappan,V,0,Application Specialist,9/3/2008,10/12/1987,ramesh0@adventure-works.com,182-555-0134,S,1,M,2,27.4038,73,56,Information Services,9/3/2008,NULL
154,44,11,Stephanie,Conroy,A,0,Network Manager,9/4/2008,10/24/1983,stephanie0@adventure-works.com,594-555-0110,S,1,F,2,39.6635,68,54,Information Services,9/4/2008,NULL
155,111,11,Samantha,Smith,H,0,Production Technician - WC20,9/4/2008,6/22/1987,samantha0@adventure-works.com,587-555-0114,M,0,F,1,14,7,23,Production,9/4/2008,NULL
156,214,11,Tawana,Nusbaum,G,0,Production Technician - WC40,9/5/2008,6/10/1989,tawana0@adventure-works.com,368-555-0113,S,0,M,1,15,50,45,Production,9/5/2008,NULL
157,16,11,Denise,Smith,H,0,Production Technician - WC50,9/5/2008,2/4/1988,denise0@adventure-works.com,869-555-0119,M,0,F,1,11,9,24,Production,9/5/2008,NULL
158,32,11,Hao,Chen,O,0,Human Resources Administrative Assistant,9/6/2008,11/15/1976,hao0@adventure-works.com,806-555-0136,S,0,M,2,13.9423,52,46,Human Resources,9/6/2008,NULL
159,126,11,Alex,Nayberg,M,0,Production Technician - WC45,9/8/2008,11/11/1989,alex0@adventure-works.com,819-555-0198,M,0,M,1,10,77,58,Production,9/8/2008,NULL
160,9,11,Eugene,Kogan,O,0,Production Technician - WC60,9/8/2008,9/10/1975,eugene1@adventure-works.com,173-555-0179,S,0,M,1,12.45,36,38,Production,9/8/2008,NULL
161,18,11,Brandon,Heidepriem,G,0,Production Technician - WC60,9/8/2008,8/10/1976,brandon0@adventure-works.com,429-555-0137,M,0,M,1,12.45,22,31,Production,9/8/2008,NULL
162,3,11,Dylan,Miller,A,0,Research and Development Manager,9/8/2008,9/24/1986,dylan0@adventure-works.com,181-555-0156,M,1,M,2,50.4808,61,50,Research and Development,9/8/2008,NULL
163,23,11,Shane,Kim,S,0,Production Supervisor - WC45,9/8/2008,12/22/1989,shane0@adventure-works.com,810-555-0178,S,0,M,2,25,75,57,Production,9/8/2008,NULL
164,186,11,John,Chen,Y,0,Production Technician - WC20,9/9/2008,11/3/1985,john2@adventure-works.com,201-555-0163,M,0,M,1,14,18,29,Production,9/9/2008,NULL
165,92,11,Karen,Berge,R,0,Document Control Assistant,9/9/2008,7/25/1975,karen0@adventure-works.com,746-555-0164,M,0,F,2,10.25,79,59,Document Control,9/9/2008,NULL
166,18,11,Jose,Lugo,R,0,Production Technician - WC60,9/10/2008,2/29/1984,jose0@adventure-works.com,587-555-0115,M,0,M,1,12.45,20,30,Production,9/10/2008,NULL
167,76,11,Mandar,Samant,H,0,Production Technician - WC50,9/10/2008,10/19/1985,mandar0@adventure-works.com,140-555-0132,S,0,M,1,11,0,20,Production,9/10/2008,NULL
168,278,11,Mikael,Sandberg,Q,0,Buyer,9/10/2008,3/17/1984,mikael0@adventure-works.com,309-555-0170,S,0,M,2,18.2692,59,49,Purchasing,9/10/2008,NULL
169,76,11,Sameer,Tejani,A,0,Production Technician - WC50,9/11/2008,1/24/1978,sameer0@adventure-works.com,990-555-0172,M,0,M,1,11,4,22,Production,9/11/2008,NULL
170,142,11,Dragan,Tomic,K,0,Accounts Payable Specialist,9/11/2008,9/14/1976,dragan0@adventure-works.com,117-555-0185,M,0,M,2,19,63,51,Finance,9/11/2008,NULL
171,177,11,Carol,Philips,M,0,Production Technician - WC30,9/12/2008,5/17/1988,carol0@adventure-works.com,609-555-0153,M,0,F,1,9.5,45,42,Production,9/12/2008,NULL
172,89,11,Rob,Caron,T,0,Production Technician - WC40,9/13/2008,3/4/1973,rob1@adventure-works.com,238-555-0116,S,0,M,1,15,71,55,Production,9/13/2008,NULL
173,40,11,Don,Hall,L,0,Production Technician - WC50,9/13/2008,1/11/1971,don0@adventure-works.com,100-555-0174,M,0,M,1,11,88,64,Production,9/13/2008,NULL
174,46,11,Alan,Brewer,J,0,Scheduling Assistant,9/13/2008,10/28/1983,alan0@adventure-works.com,438-555-0172,M,0,M,2,16,47,43,Production Control,9/13/2008,NULL
175,188,11,David,Lawrence,Oliver,0,Production Technician - WC30,9/14/2008,4/23/1985,david7@adventure-works.com,118-555-0177,M,0,M,1,9.5,29,34,Production,9/14/2008,NULL
176,89,11,Baris,Cetinok,F,0,Production Technician - WC40,9/15/2008,5/7/1990,baris0@adventure-works.com,164-555-0114,S,0,M,1,15,72,56,Production,9/15/2008,NULL
177,23,11,Michael,Ray,Sean,0,Production Supervisor - WC30,9/15/2008,8/29/1988,michael3@adventure-works.com,156-555-0199,S,0,M,2,25,70,55,Production,9/15/2008,NULL
178,20,11,Steve,Masters,F,0,Production Technician - WC60,9/15/2008,11/4/1990,steve0@adventure-works.com,712-555-0170,S,0,M,1,12.45,31,35,Production,9/15/2008,NULL
179,18,11,Suchitra,Mohan,O,0,Production Technician - WC60,9/16/2008,1/8/1987,suchitra0@adventure-works.com,753-555-0129,M,0,F,1,12.45,15,27,Production,9/16/2008,NULL
180,44,11,Karen,Berg,A,0,Application Specialist,9/16/2008,12/17/1977,karen1@adventure-works.com,654-555-0177,S,1,F,2,27.4038,74,57,Information Services,9/16/2008,NULL
181,147,11,Terrence,Earls,W,0,Production Technician - WC20,9/16/2008,7/8/1984,terrence0@adventure-works.com,110-555-0115,S,0,M,1,14,13,26,Production,9/16/2008,NULL
182,142,11,Barbara,Moreland,C,0,Accountant,9/18/2008,8/4/1975,barbara1@adventure-works.com,822-555-0145,M,1,F,2,26.4423,58,49,Finance,9/18/2008,NULL
183,40,11,Chad,Niswonger,W,0,Production Technician - WC50,9/18/2008,3/4/1990,chad0@adventure-works.com,559-555-0175,M,0,M,1,11,99,69,Production,9/18/2008,NULL
184,138,11,Rostislav,Shabalin,E,0,Production Technician - WC30,9/19/2008,4/13/1977,rostislav0@adventure-works.com,751-555-0134,M,0,M,1,9.5,40,40,Production,9/19/2008,NULL
185,201,11,Belinda,Newman,M,0,Production Technician - WC45,9/20/2008,10/15/1974,belinda0@adventure-works.com,319-555-0126,S,0,F,1,10,83,61,Production,9/20/2008,NULL
186,23,11,Katie,McAskill-White,L,0,Production Supervisor - WC20,9/20/2008,6/18/1984,katie0@adventure-works.com,809-555-0133,S,0,F,2,25,42,41,Production,9/20/2008,NULL
187,188,11,Russell,King,M,0,Production Technician - WC30,9/21/2008,9/11/1981,russell1@adventure-works.com,517-555-0122,M,0,M,1,9.5,24,32,Production,9/21/2008,NULL
188,23,11,Jack,Richins,S,0,Production Supervisor - WC30,9/21/2008,1/20/1983,jack0@adventure-works.com,552-555-0111,S,0,M,2,25,68,54,Production,9/21/2008,NULL
189,23,11,Andrew,Hill,R,0,Production Supervisor - WC10,9/22/2008,4/6/1988,andrew0@adventure-works.com,908-555-0159,S,0,M,2,25,65,52,Production,9/22/2008,NULL
190,89,11,Nicole,Holliday,B,0,Production Technician - WC40,9/22/2008,11/7/1985,nicole0@adventure-works.com,508-555-0129,M,0,F,1,15,67,53,Production,9/22/2008,NULL
191,16,11,Frank,Miller,T,0,Production Technician - WC50,9/23/2008,2/21/1971,frank1@adventure-works.com,167-555-0139,S,0,M,1,11,10,25,Production,9/23/2008,NULL
192,154,11,Peter,Connelly,I,0,Network Administrator,9/23/2008,12/27/1979,peter1@adventure-works.com,310-555-0133,S,0,M,2,32.4519,69,54,Information Services,9/23/2008,NULL
193,111,11,Anibal,Sousa,T,0,Production Technician - WC20,9/23/2008,4/5/1974,anibal0@adventure-works.com,106-555-0120,S,0,F,1,14,8,24,Production,9/23/2008,NULL
194,214,11,Ken,Myer,L,0,Production Technician - WC40,9/24/2008,12/26/1980,ken1@adventure-works.com,949-555-0174,M,0,M,1,15,51,45,Production,9/24/2008,NULL
195,32,11,Grant,Culbertson,N,0,Human Resources Administrative Assistant,9/25/2008,11/15/1975,grant0@adventure-works.com,955-555-0131,S,0,M,2,13.9423,53,46,Human Resources,9/25/2008,NULL
196,40,11,Michael,Entin,T,0,Production Technician - WC50,9/25/2008,1/13/1989,michael4@adventure-works.com,817-555-0186,S,0,M,1,11,94,67,Production,9/25/2008,NULL
197,163,11,Lionel,Penuchot,C,0,Production Technician - WC45,9/26/2008,10/13/1987,lionel0@adventure-works.com,450-555-0152,S,0,M,1,10,78,59,Production,9/26/2008,NULL
198,9,11,Thomas,Michaels,R,0,Production Technician - WC60,9/26/2008,8/10/1985,thomas0@adventure-works.com,278-555-0118,M,0,M,1,12.45,37,38,Production,9/26/2008,NULL
199,87,11,Jimmy,Bischoff,T,0,Stocker,9/26/2008,6/1/1990,jimmy0@adventure-works.com,927-555-0168,M,0,M,1,9,96,68,Shipping and Receiving,9/26/2008,NULL
200,138,11,Michael,Vanderhyde,T,0,Production Technician - WC30,9/26/2008,4/18/1982,michael5@adventure-works.com,296-555-0121,M,0,M,1,9.5,35,37,Production,9/26/2008,NULL
201,23,11,Lori,Kane,A,0,Production Supervisor - WC45,9/26/2008,2/16/1980,lori0@adventure-works.com,289-555-0196,S,0,F,2,25,76,58,Production,9/26/2008,NULL
202,278,11,Arvind,Rao,B,0,Buyer,9/28/2008,3/21/1974,arvind0@adventure-works.com,848-555-0163,M,0,M,2,18.2692,60,50,Purchasing,9/28/2008,NULL
203,186,11,Stefen,Hesse,A,0,Production Technician - WC20,9/28/2008,7/21/1975,stefen0@adventure-works.com,165-555-0113,S,0,M,1,14,19,29,Production,9/28/2008,NULL
204,23,11,Hazem,Abolrous,E,0,Quality Assurance Manager,9/28/2008,5/26/1977,hazem0@adventure-works.com,869-555-0125,S,1,M,2,28.8462,80,60,Quality Assurance,9/28/2008,NULL
205,142,11,Janet,Sheperdigian,L,0,Accounts Payable Specialist,9/29/2008,10/7/1978,janet0@adventure-works.com,393-555-0186,M,0,F,2,19,64,52,Finance,9/29/2008,NULL
206,76,11,Elizabeth,Keyser,I,0,Production Technician - WC50,9/30/2008,8/25/1989,elizabeth0@adventure-works.com,318-555-0137,M,0,F,1,11,5,22,Production,9/30/2008,NULL
207,7,11,Terry,Eminhizer,J,0,Marketing Specialist,9/30/2008,9/4/1985,terry0@adventure-works.com,138-555-0118,M,0,M,2,14.4231,44,42,Marketing,9/30/2008,NULL
208,188,11,John,Frum,N,0,Production Technician - WC30,10/1/2008,10/22/1981,john3@adventure-works.com,663-555-0172,S,0,M,1,9.5,27,33,Production,10/1/2008,NULL
209,177,11,Merav,Netz,A,0,Production Technician - WC30,10/1/2008,12/11/1982,merav0@adventure-works.com,224-555-0187,M,0,F,1,9.5,46,43,Production,10/1/2008,NULL
210,46,11,Brian,LaMee,P,0,Scheduling Assistant,10/1/2008,3/11/1984,brian1@adventure-works.com,313-555-0196,M,0,M,2,16,48,44,Production Control,10/1/2008,NULL
211,40,11,Kitti,Lertpiriyasuwat,H,0,Production Technician - WC50,10/2/2008,1/4/1987,kitti0@adventure-works.com,785-555-0132,S,0,F,1,11,89,64,Production,10/2/2008,NULL
212,20,11,Jay,Adams,G,0,Production Technician - WC60,10/3/2008,9/11/1975,jay0@adventure-works.com,407-555-0165,S,0,M,1,12.45,32,36,Production,10/3/2008,NULL
213,188,11,Jan,Miksovsky,S,0,Production Technician - WC30,10/3/2008,6/15/1974,jan0@adventure-works.com,139-555-0131,S,0,M,1,9.5,30,35,Production,10/3/2008,NULL
214,23,11,Brenda,Diaz,M,0,Production Supervisor - WC40,10/3/2008,9/28/1982,brenda0@adventure-works.com,142-555-0139,M,0,F,2,25,71,55,Production,10/3/2008,NULL
215,126,11,Andrew,Cencini,M,0,Production Technician - WC45,10/4/2008,4/24/1988,andrew1@adventure-works.com,207-555-0192,S,0,M,1,10,73,56,Production,10/4/2008,NULL
216,92,11,Chris,Norred,K,0,Control Specialist,10/4/2008,12/24/1986,chris1@adventure-works.com,575-555-0126,M,0,M,2,16.8269,75,57,Document Control,10/4/2008,NULL
217,18,11,Chris,Okelberry,O,0,Production Technician - WC60,10/5/2008,3/7/1986,chris2@adventure-works.com,315-555-0144,S,0,M,1,12.45,16,28,Production,10/5/2008,NULL
218,147,11,Shelley,Dyck,N,0,Production Technician - WC20,10/5/2008,7/8/1986,shelley0@adventure-works.com,991-555-0184,S,0,F,1,14,14,27,Production,10/5/2008,NULL
219,214,11,Gabe,Mares,B,0,Production Technician - WC40,10/6/2008,12/9/1987,gabe0@adventure-works.com,310-555-0117,M,0,M,1,15,57,48,Production,10/6/2008,NULL
220,142,11,Mike,Seamans,K,0,Accountant,10/6/2008,1/29/1979,mike0@adventure-works.com,927-555-0150,S,1,M,2,26.4423,59,49,Finance,10/6/2008,NULL
221,162,11,Michael,Raheem,NULL,0,Research and Development Manager,12/1/2008,6/30/1984,michael6@adventure-works.com,330-555-2568,M,1,M,2,42.4808,16,64,Research and Development,12/1/2008,NULL
222,152,11,Gary,Altman,E.,0,Facilities Manager,7/2/2009,9/18/1970,gary1@adventure-works.com,110-555-0112,M,1,M,2,24.0385,86,63,Facilities and Maintenance,7/2/2009,NULL
223,20,11,Charles,Fitzgerald,B,0,Production Technician - WC60,7/3/2009,4/2/1971,charles0@adventure-works.com,931-555-0118,S,0,M,1,12.45,27,33,Production,7/3/2009,NULL
224,27,11,Ebru,Ersan,N,0,Production Technician - WC10,7/6/2009,4/22/1986,ebru0@adventure-works.com,202-555-0187,S,0,M,1,13.45,93,66,Production,7/6/2009,NULL
225,111,11,Sylvester,Valdez,A,0,Production Technician - WC20,7/11/2009,6/12/1970,sylvester0@adventure-works.com,492-555-0174,M,0,M,1,14,4,22,Production,7/11/2009,NULL
226,53,11,Brian,Goldstein,Richard,0,Production Technician - WC40,7/11/2009,7/23/1970,brian2@adventure-works.com,730-555-0117,S,0,M,1,15,63,51,Production,7/11/2009,NULL
227,278,11,Linda,Meisner,P,0,Buyer,7/17/2009,6/30/1970,linda2@adventure-works.com,916-555-0165,M,0,F,2,18.2692,56,48,Purchasing,7/17/2009,NULL
228,66,11,Betsy,Stadick,A,0,Production Technician - WC10,7/18/2009,7/17/1942,betsy0@adventure-works.com,405-555-0171,S,0,F,1,13.45,99,69,Production,7/18/2009,NULL
229,222,11,Magnus,Hedlund,E,0,Facilities Administrative Assistant,7/21/2009,3/27/1971,magnus0@adventure-works.com,583-555-0182,M,0,M,2,9.75,87,63,Facilities and Maintenance,7/21/2009,NULL
230,20,11,Karan,Khanna,R,0,Production Technician - WC60,7/22/2009,10/5/1969,karan0@adventure-works.com,447-555-0186,S,0,M,1,12.45,28,34,Production,7/22/2009,NULL
231,27,11,Mary,Baker,R,0,Production Technician - WC10,7/25/2009,4/19/1986,mary1@adventure-works.com,283-555-0185,M,0,F,1,13.45,94,67,Production,7/25/2009,NULL
232,27,11,Kevin,Homer,M,0,Production Technician - WC10,7/25/2009,4/19/1986,kevin2@adventure-works.com,555-555-0113,S,0,M,1,13.45,90,65,Production,7/25/2009,NULL
233,53,11,Mihail,Frintu,U,0,Production Technician - WC40,7/29/2009,10/7/1970,mihail0@adventure-works.com,733-555-0128,S,0,M,1,15,64,52,Production,7/29/2009,NULL
234,189,11,Bonnie,Kearney,N,0,Production Technician - WC10,8/1/2009,4/10/1986,bonnie0@adventure-works.com,264-555-0150,M,0,F,1,13.45,89,64,Production,8/1/2009,NULL
235,278,11,Fukiko,Ogisu,J,0,Buyer,8/4/2009,6/24/1970,fukiko0@adventure-works.com,520-555-0177,M,0,M,2,18.2692,57,48,Purchasing,8/4/2009,NULL
236,111,11,Hung-Fu,Ting,T,0,Production Technician - WC20,8/6/2009,5/23/1971,hung-fu0@adventure-works.com,497-555-0181,S,0,M,1,14,0,20,Production,8/6/2009,NULL
237,278,11,Gordon,Hee,L,0,Buyer,8/11/2009,6/29/1942,gordon0@adventure-works.com,230-555-0144,M,0,M,2,18.2692,52,46,Purchasing,8/11/2009,NULL
238,66,11,Kimberly,Zimmerman,B,0,Production Technician - WC10,8/12/2009,4/13/1986,kimberly0@adventure-works.com,123-555-0167,S,0,F,1,13.45,95,67,Production,8/12/2009,NULL
239,18,11,Kim,Abercrombie,B,0,Production Technician - WC60,8/16/2009,7/14/1942,kim1@adventure-works.com,208-555-0114,M,0,F,1,12.45,24,32,Production,8/16/2009,NULL
240,53,11,Sandeep,Kaliyath,P,0,Production Technician - WC40,8/17/2009,7/3/1970,sandeep0@adventure-works.com,166-555-0156,S,0,M,1,15,65,52,Production,8/17/2009,NULL
241,111,11,Prasanna,Samarawickrama,E,0,Production Technician - WC20,8/22/2009,11/28/1952,prasanna0@adventure-works.com,129-555-0199,M,0,M,1,14,5,22,Production,8/22/2009,NULL
242,278,11,Frank,Pellow,S,0,Buyer,8/23/2009,12/11/1951,frank2@adventure-works.com,163-555-0147,M,0,M,2,18.2692,58,49,Purchasing,8/23/2009,NULL
243,111,11,Min,Su,G,0,Production Technician - WC20,8/24/2009,4/10/1974,min0@adventure-works.com,590-555-0152,M,0,M,1,14,1,20,Production,8/24/2009,NULL
244,53,11,Eric,Brown,L,0,Production Technician - WC40,8/24/2009,7/8/1942,eric1@adventure-works.com,680-555-0118,M,0,M,1,15,60,50,Production,8/24/2009,NULL
245,278,11,Eric,Kurjan,S,0,Buyer,8/27/2009,4/17/1972,eric2@adventure-works.com,265-555-0195,S,0,M,2,18.2692,54,47,Purchasing,8/27/2009,NULL
246,51,11,Pat,Coleman,H,0,Janitor,8/27/2009,7/3/1970,pat0@adventure-works.com,720-555-0158,S,0,M,1,9.25,89,64,Facilities and Maintenance,8/27/2009,NULL
247,20,11,Maciej,Dusza,W,0,Production Technician - WC60,8/29/2009,8/30/1954,maciej0@adventure-works.com,237-555-0128,S,0,M,1,12.45,30,35,Production,8/29/2009,NULL
248,278,11,Erin,Hagens,M,0,Buyer,8/31/2009,8/4/1970,erin0@adventure-works.com,842-555-0158,S,0,F,2,18.2692,53,46,Purchasing,8/31/2009,NULL
249,66,11,Patrick,Wedge,C,0,Production Technician - WC10,9/1/2009,4/10/1986,patrick0@adventure-works.com,413-555-0124,S,0,M,1,13.45,96,68,Production,9/1/2009,NULL
250,53,11,Frank,Martinez,R,0,Production Technician - WC40,9/5/2009,10/1/1951,frank3@adventure-works.com,203-555-0196,M,0,M,1,15,66,53,Production,9/5/2009,NULL
251,18,11,Ed,Dudenhoefer,R,0,Production Technician - WC60,9/5/2009,4/11/1971,ed0@adventure-works.com,919-555-0140,S,0,M,1,12.45,25,32,Production,9/5/2009,NULL
252,27,11,Christopher,Hill,E,0,Production Technician - WC10,9/8/2009,5/1/1986,christopher0@adventure-works.com,153-555-0166,M,0,M,1,13.45,91,65,Production,9/8/2009,NULL
253,53,11,Patrick,Cook,M,0,Production Technician - WC40,9/12/2009,7/23/1973,patrick1@adventure-works.com,425-555-0117,M,0,M,1,15,61,50,Production,9/12/2009,NULL
254,111,11,Krishna,Sunkammurali,NULL,0,Production Technician - WC20,9/13/2009,4/5/1971,krishna0@adventure-works.com,491-555-0183,S,0,M,1,14,2,21,Production,9/13/2009,NULL
255,51,11,Lori,Penor,K,0,Janitor,9/16/2009,2/28/1970,lori1@adventure-works.com,295-555-0161,M,0,F,1,9.25,90,65,Facilities and Maintenance,9/16/2009,NULL
256,66,11,Danielle,Tiedt,C,0,Production Technician - WC10,9/20/2009,4/7/1986,danielle0@adventure-works.com,500-555-0172,S,0,F,1,13.45,97,68,Production,9/20/2009,NULL
257,43,11,Sootha,Charncherngkha,T,0,Quality Assurance Technician,9/23/2009,7/5/1942,sootha0@adventure-works.com,325-555-0137,M,0,M,2,10.5769,85,62,Quality Assurance,9/23/2009,NULL
258,20,11,Michael,Zwilling,J,0,Production Technician - WC60,9/23/2009,4/5/1973,michael7@adventure-works.com,582-555-0148,S,0,M,1,12.45,26,33,Production,9/23/2009,NULL
259,20,11,Randy,Reeves,T,0,Production Technician - WC60,9/23/2009,11/26/1969,randy0@adventure-works.com,961-555-0122,M,0,M,1,12.45,29,34,Production,9/23/2009,NULL
260,27,11,John,Kane,T,0,Production Technician - WC10,9/27/2009,4/28/1986,john4@adventure-works.com,254-555-0114,S,0,M,1,13.45,92,66,Production,9/27/2009,NULL
261,53,11,Jack,Creasey,T,0,Production Technician - WC40,10/1/2009,3/29/1973,jack1@adventure-works.com,521-555-0113,S,0,M,1,15,62,51,Production,10/1/2009,NULL
262,111,11,Olinda,Turner,C,0,Production Technician - WC20,10/2/2009,11/2/1969,olinda0@adventure-works.com,306-555-0186,S,0,F,1,14,3,21,Production,10/2/2009,NULL
263,51,11,Stuart,Macrae,J,0,Janitor,10/3/2009,7/17/1971,stuart1@adventure-works.com,539-555-0149,M,0,M,1,9.25,88,64,Facilities and Maintenance,10/3/2009,NULL
264,51,11,Jo,Berry,L,0,Janitor,10/5/2009,11/22/1953,jo1@adventure-works.com,228-555-0159,M,0,F,1,9.25,91,65,Facilities and Maintenance,10/5/2009,NULL
265,278,11,Ben,Miller,T,0,Buyer,10/7/2009,1/1/1973,ben0@adventure-works.com,151-555-0113,M,0,M,2,18.2692,55,47,Purchasing,10/7/2009,NULL
266,66,11,Tom,Vande Velde,M,0,Production Technician - WC10,10/8/2009,5/1/1986,tom0@adventure-works.com,295-555-0161,M,0,M,1,13.45,98,69,Production,10/8/2009,NULL
267,3,11,Ovidiu,Cracium,V,0,Senior Tool Designer,7/5/2010,8/17/1977,ovidiu0@adventure-works.com,719-555-0181,S,0,M,2,28.8462,7,23,Tool Design,7/5/2010,NULL
268,278,11,Annette,Hill,L,0,Purchasing Assistant,7/6/2010,8/29/1977,annette0@adventure-works.com,125-555-0196,M,0,F,2,12.75,50,45,Purchasing,7/6/2010,NULL
269,267,11,Janice,Galvin,M,0,Tool Designer,7/23/2010,12/26/1988,janice0@adventure-works.com,473-555-0117,M,0,F,2,25,8,24,Tool Design,7/23/2010,NULL
270,278,11,Reinout,Hillmann,N,0,Purchasing Assistant,7/25/2010,8/17/1977,reinout0@adventure-works.com,370-555-0163,M,0,M,2,12.75,51,45,Purchasing,7/25/2010,NULL
271,3,11,Michael,Sullivan,I,0,Senior Design Engineer,7/30/2010,1/14/1979,michael8@adventure-works.com,465-555-0156,S,1,M,2,36.0577,3,21,Engineering,7/30/2010,NULL
272,277,11,Stephen,Jiang,Y,0,North American Sales Manager,8/4/2010,5/17/1951,stephen0@adventure-works.com,238-555-0197,M,1,M,2,48.101,14,27,Sales,8/4/2010,NULL
273,7,11,Wanida,Benshoof,M,0,Marketing Assistant,8/7/2010,10/15/1974,wanida0@adventure-works.com,708-555-0141,M,0,F,2,13.4615,41,40,Marketing,8/7/2010,NULL
274,3,11,Sharon,Salavaria,B,0,Design Engineer,8/18/2010,11/30/1960,sharon0@adventure-works.com,970-555-0138,M,1,F,2,32.6923,4,22,Engineering,8/18/2010,NULL
275,7,11,John,Wood,L,0,Marketing Specialist,9/7/2010,10/4/1977,john5@adventure-works.com,486-555-0150,S,0,M,2,14.4231,48,44,Marketing,9/7/2010,NULL
276,7,11,Mary,Dempsey,A,0,Marketing Assistant,9/14/2010,8/29/1977,mary2@adventure-works.com,124-555-0114,S,0,F,2,13.4615,43,41,Marketing,9/14/2010,NULL
277,112,11,Brian,Welcker,S,0,Vice President of Sales,9/15/2010,1/4/1977,brian3@adventure-works.com,716-555-0127,S,1,M,2,72.1154,10,25,Sales,9/15/2010,NULL
278,73,11,Sheela,Word,H,0,Purchasing Manager,9/25/2010,9/10/1977,sheela0@adventure-works.com,210-555-0193,S,1,F,2,30,49,44,Purchasing,9/25/2010,2/27/2011
279,73,11,Sheela,Word,H,0,Purchasing Manager,9/25/2010,9/10/1977,sheela0@adventure-works.com,210-555-0193,S,1,F,2,30,49,44,Purchasing,2/28/2011,2/12/2012
280,73,11,Sheela,Word,H,0,Purchasing Manager,9/25/2010,9/10/1977,sheela0@adventure-works.com,210-555-0193,S,1,F,2,30,49,44,Purchasing,2/13/2012,NULL
281,272,2,Michael,Blythe,G,0,Sales Representative,12/29/2010,7/25/1968,michael9@adventure-works.com,257-555-0154,S,1,M,2,23.0769,38,39,Sales,12/29/2010,NULL
282,272,4,Linda,Mitchell,C,0,Sales Representative,12/29/2010,9/27/1979,linda3@adventure-works.com,883-555-0116,M,1,F,2,23.0769,27,33,Sales,12/29/2010,NULL
283,272,3,Jillian,Carson,NULL,0,Sales Representative,12/29/2010,3/29/1962,jillian0@adventure-works.com,517-555-0117,S,1,F,2,23.0769,24,32,Sales,12/29/2010,NULL
284,272,6,Garrett,Vargas,R,0,Sales Representative,12/29/2010,9/4/1974,garrett1@adventure-works.com,922-555-0165,M,1,M,2,23.0769,33,36,Sales,12/29/2010,NULL
285,272,5,Tsvi,Reiter,Michael,0,Sales Representative,12/29/2010,8/18/1973,tsvi0@adventure-works.com,664-555-0112,M,1,M,2,23.0769,29,34,Sales,12/29/2010,NULL
286,272,1,Pamela,Ansman-Wolfe,O,0,Sales Representative,12/29/2010,7/6/1974,pamela0@adventure-works.com,340-555-0193,S,1,F,2,23.0769,22,31,Sales,12/29/2010,NULL
287,272,4,Shu,Ito,K,0,Sales Representative,12/29/2010,10/8/1943,shu0@adventure-works.com,330-555-0120,M,1,M,2,23.0769,26,33,Sales,12/29/2010,NULL
288,272,6,José,Saraiva,Edvaldo,0,Sales Representative,12/29/2010,7/11/1939,josé1@adventure-works.com,185-555-0169,M,1,M,2,23.0769,31,35,Sales,12/29/2010,NULL
289,272,1,David,Campbell,R,0,Sales Representative,12/29/2010,9/11/1973,david8@adventure-works.com,740-555-0182,S,1,M,2,23.0769,23,31,Sales,12/29/2010,NULL
290,277,11,Amy,Alberts,E,0,European Sales Manager,11/15/2011,4/20/1957,amy0@adventure-works.com,775-555-0164,M,1,F,2,48.101,21,30,Sales,11/15/2011,NULL
291,290,10,Jae,Pak,B,0,Sales Representative,12/29/2011,10/16/1967,jae0@adventure-works.com,1 (11) 500 555-0145,M,1,F,2,23.0769,37,38,Sales,12/29/2011,NULL
292,290,7,Ranjit,Varkey Chudukatil,R,0,Sales Representative,12/29/2011,4/30/1975,ranjit0@adventure-works.com,1 (11) 500 555-0117,S,1,M,2,23.0769,34,37,Sales,12/29/2011,NULL
293,272,1,Tete,Mensa-Annan,A,0,Sales Representative,4/30/2012,8/5/1977,tete0@adventure-works.com,615-555-0153,M,1,M,2,23.0769,39,39,Sales,4/30/2012,NULL
294,277,11,Syed,Abbas,E,0,Pacific Sales Manager,10/12/2012,8/11/1974,syed0@adventure-works.com,926-555-0182,M,1,M,2,48.101,20,30,Sales,10/12/2012,NULL
295,290,8,Rachel,Valdez,B,0,Sales Representative,12/28/2012,2/6/1975,rachel0@adventure-works.com,1 (11) 500 555-0140,S,1,F,2,23.0769,35,37,Sales,12/28/2012,NULL
296,294,9,Lynn,Tsoflias,N,0,Sales Representative,12/28/2012,10/16/1970,lynn0@adventure-works.com,1 (11) 500 555-0190,S,1,F,2,23.0769,36,38,Sales,12/28/2012,NULL
