﻿GeographyKey,City,StateProvinceCode,StateProvinceName,CountryRegionCode,EnglishCountryRegionName,SpanishCountryRegionName,FrenchCountryRegionName,PostalCode,SalesTerritoryKey
1,Alexandria,NSW,New South Wales,AU,Australia,Australia,Australie,2015,9
2,Coffs Harbour,NSW,New South Wales,AU,Australia,Australia,Australie,2450,9
3,Darlinghurst,NSW,New South Wales,AU,Australia,Australia,Australie,2010,9
4,Goulburn,NSW,New South Wales,AU,Australia,Australia,Australie,2580,9
5,Lane Cove,NSW,New South Wales,AU,Australia,Australia,Australie,1597,9
6,Lavender Bay,NSW,New South Wales,AU,Australia,Australia,Australie,2060,9
7,Malabar,NSW,New South Wales,AU,Australia,Australia,Australie,2036,9
8,Matraville,NSW,New South Wales,AU,Australia,Australia,Australie,2036,9
9,Milsons Point,NSW,New South Wales,AU,Australia,Australia,Australie,2061,9
10,Newcastle,NSW,New South Wales,AU,Australia,Australia,Australie,2300,9
11,North Ryde,NSW,New South Wales,AU,Australia,Australia,Australie,2113,9
12,North Sydney,NSW,New South Wales,AU,Australia,Australia,Australie,2055,9
13,Port Macquarie,NSW,New South Wales,AU,Australia,Australia,Australie,2444,9
14,Rhodes,NSW,New South Wales,AU,Australia,Australia,Australie,2138,9
15,Silverwater,NSW,New South Wales,AU,Australia,Australia,Australie,2264,9
16,Springwood,NSW,New South Wales,AU,Australia,Australia,Australie,2777,9
17,St. Leonards,NSW,New South Wales,AU,Australia,Australia,Australie,2065,9
18,Sydney,NSW,New South Wales,AU,Australia,Australia,Australie,1002,9
19,Wollongong,NSW,New South Wales,AU,Australia,Australia,Australie,2500,9
20,Brisbane,QLD,Queensland,AU,Australia,Australia,Australie,4000,9
21,Caloundra,QLD,Queensland,AU,Australia,Australia,Australie,4551,9
22,East Brisbane,QLD,Queensland,AU,Australia,Australia,Australie,4169,9
23,Gold Coast,QLD,Queensland,AU,Australia,Australia,Australie,4217,9
24,Hawthorne,QLD,Queensland,AU,Australia,Australia,Australie,4171,9
25,Hervey Bay,QLD,Queensland,AU,Australia,Australia,Australie,4655,9
26,Rockhampton,QLD,Queensland,AU,Australia,Australia,Australie,4700,9
27,Townsville,QLD,Queensland,AU,Australia,Australia,Australie,4810,9
28,Cloverdale,SA,South Australia,AU,Australia,Australia,Australie,6105,9
29,Findon,SA,South Australia,AU,Australia,Australia,Australie,5023,9
30,Perth,SA,South Australia,AU,Australia,Australia,Australie,6006,9
31,Hobart,TAS,Tasmania,AU,Australia,Australia,Australie,7001,9
32,Bendigo,VIC,Victoria,AU,Australia,Australia,Australie,3550,9
33,Cranbourne,VIC,Victoria,AU,Australia,Australia,Australie,3977,9
34,Geelong,VIC,Victoria,AU,Australia,Australia,Australie,3220,9
35,Melbourne,VIC,Victoria,AU,Australia,Australia,Australie,3000,9
36,Melton,VIC,Victoria,AU,Australia,Australia,Australie,3337,9
37,Seaford,VIC,Victoria,AU,Australia,Australia,Australie,3198,9
38,South Melbourne,VIC,Victoria,AU,Australia,Australia,Australie,3205,9
39,Sunbury,VIC,Victoria,AU,Australia,Australia,Australie,3429,9
40,Warrnambool,VIC,Victoria,AU,Australia,Australia,Australie,3280,9
41,Calgary,AB,Alberta,CA,Canada,Canada,Canada,T2P 2G8,6
42,Edmonton,AB,Alberta,CA,Canada,Canada,Canada,T5,6
43,Burnaby,BC,British Columbia,CA,Canada,Canada,Canada,V3J 6Z3,6
44,Burnaby,BC,British Columbia,CA,Canada,Canada,Canada,V5A 3A6,6
45,Burnaby,BC,British Columbia,CA,Canada,Canada,Canada,V5A 4X1,6
46,Burnaby,BC,British Columbia,CA,Canada,Canada,Canada,V5G 4S4,6
47,Burnaby,BC,British Columbia,CA,Canada,Canada,Canada,V5G 4W1,6
48,Burnaby,BC,British Columbia,CA,Canada,Canada,Canada,V5H 3Z7,6
49,Cliffside,BC,British Columbia,CA,Canada,Canada,Canada,V8Y 1L1,6
50,Haney,BC,British Columbia,CA,Canada,Canada,Canada,V2W 1W2,6
51,Langford,BC,British Columbia,CA,Canada,Canada,Canada,V9,6
52,Langley,BC,British Columbia,CA,Canada,Canada,Canada,V3A 4R2,6
53,Metchosin,BC,British Columbia,CA,Canada,Canada,Canada,V9,6
54,N. Vancouver,BC,British Columbia,CA,Canada,Canada,Canada,V7L 4J4,6
55,Newton,BC,British Columbia,CA,Canada,Canada,Canada,V2L3W8,6
56,Newton,BC,British Columbia,CA,Canada,Canada,Canada,V2M1N7,6
57,Newton,BC,British Columbia,CA,Canada,Canada,Canada,V2M1P1,6
58,Newton,BC,British Columbia,CA,Canada,Canada,Canada,V2M1S6,6
59,Oak Bay,BC,British Columbia,CA,Canada,Canada,Canada,V8P,6
60,Port Hammond,BC,British Columbia,CA,Canada,Canada,Canada,V6B 3P7,6
61,Richmond,BC,British Columbia,CA,Canada,Canada,Canada,V6B 3P7,6
62,Royal Oak,BC,British Columbia,CA,Canada,Canada,Canada,V8X,6
63,Shawnee,BC,British Columbia,CA,Canada,Canada,Canada,V8Z 4N5,6
64,Shawnee,BC,British Columbia,CA,Canada,Canada,Canada,V9B 2C3,6
65,Shawnee,BC,British Columbia,CA,Canada,Canada,Canada,V9B 5T2,6
66,Sooke,BC,British Columbia,CA,Canada,Canada,Canada,V0,6
67,Surrey,BC,British Columbia,CA,Canada,Canada,Canada,V3T 4W3,6
68,Vancouver,BC,British Columbia,CA,Canada,Canada,Canada,V7L 4J4,6
69,Victoria,BC,British Columbia,CA,Canada,Canada,Canada,V8V,6
70,Westminster,BC,British Columbia,CA,Canada,Canada,Canada,V3L 1E7,6
71,Westminster,BC,British Columbia,CA,Canada,Canada,Canada,V3L 1H4,6
72,Winnipeg,MB,Manitoba,CA,Canada,Canada,Canada,R3,6
73,Saint John,NB,Brunswick,CA,Canada,Canada,Canada,E2P 1E3,6
74,Aurora,ON,Ontario,CA,Canada,Canada,Canada,L4G 7N6,6
75,Barrie,ON,Ontario,CA,Canada,Canada,Canada,L4N,6
76,Brampton,ON,Ontario,CA,Canada,Canada,Canada,L6W 2T7,6
77,Chalk Riber,ON,Ontario,CA,Canada,Canada,Canada,K0J 1J0,6
78,Etobicoke,ON,Ontario,CA,Canada,Canada,Canada,M9W 3P3,6
79,Kanata,ON,Ontario,CA,Canada,Canada,Canada,K2L 1H5,6
80,Kingston,ON,Ontario,CA,Canada,Canada,Canada,7L,6
81,Markham,ON,Ontario,CA,Canada,Canada,Canada,L3S 3K2,6
82,Mississauga,ON,Ontario,CA,Canada,Canada,Canada,L4W 5J3,6
83,Mississauga,ON,Ontario,CA,Canada,Canada,Canada,L5A 1H6,6
84,Mississauga,ON,Ontario,CA,Canada,Canada,Canada,L5B 3V4,6
85,Nepean,ON,Ontario,CA,Canada,Canada,Canada,K2J 2W5,6
86,North York,ON,Ontario,CA,Canada,Canada,Canada,M4C 4K6,6
87,Ottawa,ON,Ontario,CA,Canada,Canada,Canada,K4B 1S1,6
88,Ottawa,ON,Ontario,CA,Canada,Canada,Canada,K4B 1S2,6
89,Ottawa,ON,Ontario,CA,Canada,Canada,Canada,K4B 1S3,6
90,Ottawa,ON,Ontario,CA,Canada,Canada,Canada,K4B 1T7,6
91,Richmond Hill,ON,Ontario,CA,Canada,Canada,Canada,L4E 3M5,6
92,Scarborough,ON,Ontario,CA,Canada,Canada,Canada,M1V 4M2,6
93,Toronto,ON,Ontario,CA,Canada,Canada,Canada,M4B 1V4,6
94,Toronto,ON,Ontario,CA,Canada,Canada,Canada,M4B 1V5,6
95,Toronto,ON,Ontario,CA,Canada,Canada,Canada,M4B 1V6,6
96,Toronto,ON,Ontario,CA,Canada,Canada,Canada,M4B 1V7,6
97,Vancouver,ON,Ontario,CA,Canada,Canada,Canada,V5T 1Y9,6
98,Waterloo,ON,Ontario,CA,Canada,Canada,Canada,N2V,6
99,Weston,ON,Ontario,CA,Canada,Canada,Canada,M9V 4W3,6
100,Brossard,QC,Quebec,CA,Canada,Canada,Canada,J4Z 1C5,6
101,Brossard,QC,Quebec,CA,Canada,Canada,Canada,J4Z 1R4,6
102,Dorval,QC,Quebec,CA,Canada,Canada,Canada,H9P 1H1,6
103,Hull,QC,Quebec,CA,Canada,Canada,Canada,8Y,6
104,Montreal,QC,Quebec,CA,Canada,Canada,Canada,H1Y 2H3,6
105,Montreal,QC,Quebec,CA,Canada,Canada,Canada,H1Y 2H5,6
106,Montreal,QC,Quebec,CA,Canada,Canada,Canada,H1Y 2H7,6
107,Montreal,QC,Quebec,CA,Canada,Canada,Canada,H1Y 2H8,6
108,Outremont,QC,Quebec,CA,Canada,Canada,Canada,H1Y 2G5,6
109,Pnot-Rouge,QC,Quebec,CA,Canada,Canada,Canada,J1E 2T7,6
110,Quebec,QC,Quebec,CA,Canada,Canada,Canada,G1R,6
111,Sainte-Foy,QC,Quebec,CA,Canada,Canada,Canada,G1W,6
112,Sillery,QC,Quebec,CA,Canada,Canada,Canada,G1T,6
113,Ville De'anjou,QC,Quebec,CA,Canada,Canada,Canada,J1G 2R3,6
114,Berlin,BB,Brandenburg,DE,Germany,Alemania,Allemagne,14197,8
115,Eilenburg,BB,Brandenburg,DE,Germany,Alemania,Allemagne,4838,8
116,Augsburg,BY,Bayern,DE,Germany,Alemania,Allemagne,86150,8
117,Erlangen,BY,Bayern,DE,Germany,Alemania,Allemagne,91054,8
118,Frankfurt,BY,Bayern,DE,Germany,Alemania,Allemagne,91480,8
119,Grevenbroich,BY,Bayern,DE,Germany,Alemania,Allemagne,41485,8
120,Hof,BY,Bayern,DE,Germany,Alemania,Allemagne,95010,8
121,Ingolstadt,BY,Bayern,DE,Germany,Alemania,Allemagne,85049,8
122,Bad Soden,HE,Hessen,DE,Germany,Alemania,Allemagne,65800,8
123,Berlin,HE,Hessen,DE,Germany,Alemania,Allemagne,12171,8
124,Berlin,HE,Hessen,DE,Germany,Alemania,Allemagne,13441,8
125,Berlin,HE,Hessen,DE,Germany,Alemania,Allemagne,14111,8
126,Berlin,HE,Hessen,DE,Germany,Alemania,Allemagne,14129,8
127,Darmstadt,HE,Hessen,DE,Germany,Alemania,Allemagne,64283,8
128,Dresden,HE,Hessen,DE,Germany,Alemania,Allemagne,1071,8
129,Duesseldorf,HE,Hessen,DE,Germany,Alemania,Allemagne,40434,8
130,Duesseldorf,HE,Hessen,DE,Germany,Alemania,Allemagne,40605,8
131,Frankfurt,HE,Hessen,DE,Germany,Alemania,Allemagne,60323,8
132,Hamburg,HE,Hessen,DE,Germany,Alemania,Allemagne,22001,8
133,Kassel,HE,Hessen,DE,Germany,Alemania,Allemagne,34117,8
134,München,HE,Hessen,DE,Germany,Alemania,Allemagne,80074,8
135,Salzgitter,HE,Hessen,DE,Germany,Alemania,Allemagne,38231,8
136,Ascheim,HH,Hamburg,DE,Germany,Alemania,Allemagne,86171,8
137,Augsburg,HH,Hamburg,DE,Germany,Alemania,Allemagne,86171,8
138,Berlin,HH,Hamburg,DE,Germany,Alemania,Allemagne,10210,8
139,Berlin,HH,Hamburg,DE,Germany,Alemania,Allemagne,10791,8
140,Berlin,HH,Hamburg,DE,Germany,Alemania,Allemagne,12311,8
141,Berlin,HH,Hamburg,DE,Germany,Alemania,Allemagne,14111,8
142,Bonn,HH,Hamburg,DE,Germany,Alemania,Allemagne,53001,8
143,Bonn,HH,Hamburg,DE,Germany,Alemania,Allemagne,53131,8
144,Essen,HH,Hamburg,DE,Germany,Alemania,Allemagne,45001,8
145,Frankfurt am Main,HH,Hamburg,DE,Germany,Alemania,Allemagne,60082,8
146,Frankfurt am Main,HH,Hamburg,DE,Germany,Alemania,Allemagne,60355,8
147,Hamburg,HH,Hamburg,DE,Germany,Alemania,Allemagne,20354,8
148,Muehlheim,HH,Hamburg,DE,Germany,Alemania,Allemagne,63151,8
149,Mühlheim,HH,Hamburg,DE,Germany,Alemania,Allemagne,63151,8
150,München,HH,Hamburg,DE,Germany,Alemania,Allemagne,80074,8
151,Paderborn,HH,Hamburg,DE,Germany,Alemania,Allemagne,33041,8
152,Berlin,NW,Nordrhein-Westfalen,DE,Germany,Alemania,Allemagne,10501,8
153,Berlin,NW,Nordrhein-Westfalen,DE,Germany,Alemania,Allemagne,14197,8
154,Bonn,NW,Nordrhein-Westfalen,DE,Germany,Alemania,Allemagne,53131,8
155,Bottrop,NW,Nordrhein-Westfalen,DE,Germany,Alemania,Allemagne,46236,8
156,Braunschweig,NW,Nordrhein-Westfalen,DE,Germany,Alemania,Allemagne,38001,8
157,Hannover,NW,Nordrhein-Westfalen,DE,Germany,Alemania,Allemagne,30601,8
158,Leipzig,NW,Nordrhein-Westfalen,DE,Germany,Alemania,Allemagne,4139,8
159,München,NW,Nordrhein-Westfalen,DE,Germany,Alemania,Allemagne,80074,8
160,Paderborn,NW,Nordrhein-Westfalen,DE,Germany,Alemania,Allemagne,33098,8
161,Solingen,NW,Nordrhein-Westfalen,DE,Germany,Alemania,Allemagne,42651,8
162,Werne,NW,Nordrhein-Westfalen,DE,Germany,Alemania,Allemagne,59368,8
163,Berlin,SL,Saarland,DE,Germany,Alemania,Allemagne,12171,8
164,Berlin,SL,Saarland,DE,Germany,Alemania,Allemagne,12311,8
165,Berlin,SL,Saarland,DE,Germany,Alemania,Allemagne,14197,8
166,Frankfurt am Main,SL,Saarland,DE,Germany,Alemania,Allemagne,60061,8
167,Frankfurt am Main,SL,Saarland,DE,Germany,Alemania,Allemagne,60075,8
168,Kiel,SL,Saarland,DE,Germany,Alemania,Allemagne,24044,8
169,München,SL,Saarland,DE,Germany,Alemania,Allemagne,48001,8
170,Münster,SL,Saarland,DE,Germany,Alemania,Allemagne,48001,8
171,Neunkirchen,SL,Saarland,DE,Germany,Alemania,Allemagne,66578,8
172,Offenbach,SL,Saarland,DE,Germany,Alemania,Allemagne,63009,8
173,Poing,SL,Saarland,DE,Germany,Alemania,Allemagne,66041,8
174,Saarbrücken,SL,Saarland,DE,Germany,Alemania,Allemagne,66001,8
175,Saarlouis,SL,Saarland,DE,Germany,Alemania,Allemagne,66740,8
176,Stuttgart,SL,Saarland,DE,Germany,Alemania,Allemagne,70452,8
177,Stuttgart,SL,Saarland,DE,Germany,Alemania,Allemagne,70511,8
178,Sulzbach Taunus,SL,Saarland,DE,Germany,Alemania,Allemagne,66272,8
179,Saint Ouen,17,Charente-Maritime,FR,France,Francia,France,17490,7
180,Colomiers,31,Garonne (Haute),FR,France,Francia,France,31770,7
181,Aujan Mournede,32,Gers,FR,France,Francia,France,32300,7
182,Saint Ouen,41,Loir et Cher,FR,France,Francia,France,41100,7
183,Orleans,45,Loiret,FR,France,Francia,France,45000,7
184,Metz,57,Moselle,FR,France,Francia,France,57000,7
185,Croix,59,Nord,FR,France,Francia,France,59170,7
186,Dunkerque,59,Nord,FR,France,Francia,France,59140,7
187,Lille,59,Nord,FR,France,Francia,France,59000,7
188,Roncq,59,Nord,FR,France,Francia,France,59223,7
189,Roubaix,59,Nord,FR,France,Francia,France,59100,7
190,Villeneuve-d'Ascq,59,Nord,FR,France,Francia,France,59491,7
191,Boulogne-sur-Mer,62,Pas de Calais,FR,France,Francia,France,62200,7
192,Paris,75,Seine (Paris),FR,France,Francia,France,75002,7
193,Paris,75,Seine (Paris),FR,France,Francia,France,75003,7
194,Paris,75,Seine (Paris),FR,France,Francia,France,75005,7
195,Paris,75,Seine (Paris),FR,France,Francia,France,75006,7
196,Paris,75,Seine (Paris),FR,France,Francia,France,75007,7
197,Paris,75,Seine (Paris),FR,France,Francia,France,75008,7
198,Paris,75,Seine (Paris),FR,France,Francia,France,75009,7
199,Paris,75,Seine (Paris),FR,France,Francia,France,75010,7
200,Paris,75,Seine (Paris),FR,France,Francia,France,75012,7
201,Paris,75,Seine (Paris),FR,France,Francia,France,75013,7
202,Paris,75,Seine (Paris),FR,France,Francia,France,75016,7
203,Paris,75,Seine (Paris),FR,France,Francia,France,75017,7
204,Paris,75,Seine (Paris),FR,France,Francia,France,75019,7
205,Lieusaint,77,Seine et Marne,FR,France,Francia,France,77127,7
206,Roissy en Brie,77,Seine et Marne,FR,France,Francia,France,77680,7
207,Chatou,78,Yveline,FR,France,Francia,France,78400,7
208,Saint Germain en Laye,78,Yveline,FR,France,Francia,France,78100,7
209,Versailles,78,Yveline,FR,France,Francia,France,78000,7
210,Saint Ouen,80,Somme,FR,France,Francia,France,80610,7
211,Les Ulis,91,Essonne,FR,France,Francia,France,91940,7
212,Morangis,91,Essonne,FR,France,Francia,France,91420,7
213,Verrieres Le Buisson,91,Essonne,FR,France,Francia,France,91370,7
214,Boulogne-Billancourt,92,Hauts de Seine,FR,France,Francia,France,92100,7
215,Colombes,92,Hauts de Seine,FR,France,Francia,France,92700,7
216,Courbevoie,92,Hauts de Seine,FR,France,Francia,France,92400,7
217,Paris La Defense,92,Hauts de Seine,FR,France,Francia,France,92081,7
218,Sèvres,92,Hauts de Seine,FR,France,Francia,France,92310,7
219,Suresnes,92,Hauts de Seine,FR,France,Francia,France,92150,7
220,Bobigny,93,Seine Saint Denis,FR,France,Francia,France,93000,7
221,Drancy,93,Seine Saint Denis,FR,France,Francia,France,93700,7
222,Pantin,93,Seine Saint Denis,FR,France,Francia,France,93500,7
223,Saint-Denis,93,Seine Saint Denis,FR,France,Francia,France,93400,7
224,Tremblay-en-France,93,Seine Saint Denis,FR,France,Francia,France,93290,7
225,Orly,94,Val de Marne,FR,France,Francia,France,94310,7
226,Cergy,95,Val d'Oise,FR,France,Francia,France,95000,7
227,Abingdon,ENG,England,GB,United Kingdom,Reino Unido,Royaume-Uni,OX14 4SE,10
228,Basingstoke Hants,ENG,England,GB,United Kingdom,Reino Unido,Royaume-Uni,RG24 8PL,10
229,Berks,ENG,England,GB,United Kingdom,Reino Unido,Royaume-Uni,SL4 1RH,10
230,Berkshire,ENG,England,GB,United Kingdom,Reino Unido,Royaume-Uni,RG11 5TP,10
231,Billericay,ENG,England,GB,United Kingdom,Reino Unido,Royaume-Uni,CM11,10
232,Birmingham,ENG,England,GB,United Kingdom,Reino Unido,Royaume-Uni,B29 6SL,10
233,Bracknell,ENG,England,GB,United Kingdom,Reino Unido,Royaume-Uni,RG12 8TB,10
234,Bury,ENG,England,GB,United Kingdom,Reino Unido,Royaume-Uni,PE17,10
235,Cambridge,ENG,England,GB,United Kingdom,Reino Unido,Royaume-Uni,CB4 4BZ,10
236,Cheltenham,ENG,England,GB,United Kingdom,Reino Unido,Royaume-Uni,GL50,10
237,Esher-Molesey,ENG,England,GB,United Kingdom,Reino Unido,Royaume-Uni,EM15,10
238,Gateshead,ENG,England,GB,United Kingdom,Reino Unido,Royaume-Uni,GA10,10
239,Gloucestershire,ENG,England,GB,United Kingdom,Reino Unido,Royaume-Uni,GL7 1RY,10
240,High Wycombe,ENG,England,GB,United Kingdom,Reino Unido,Royaume-Uni,HP10 9QY,10
241,Kirkby,ENG,England,GB,United Kingdom,Reino Unido,Royaume-Uni,KB9,10
242,Lancaster,ENG,England,GB,United Kingdom,Reino Unido,Royaume-Uni,LA1 1LN,10
243,Leeds,ENG,England,GB,United Kingdom,Reino Unido,Royaume-Uni,LE18,10
244,London,ENG,England,GB,United Kingdom,Reino Unido,Royaume-Uni,C2H 7AU,10
245,London,ENG,England,GB,United Kingdom,Reino Unido,Royaume-Uni,E17 6JF,10
246,London,ENG,England,GB,United Kingdom,Reino Unido,Royaume-Uni,EC1R 0DU,10
247,London,ENG,England,GB,United Kingdom,Reino Unido,Royaume-Uni,SE1 8HL,10
248,London,ENG,England,GB,United Kingdom,Reino Unido,Royaume-Uni,SW19 3RU,10
249,London,ENG,England,GB,United Kingdom,Reino Unido,Royaume-Uni,SW1P 2NU,10
250,London,ENG,England,GB,United Kingdom,Reino Unido,Royaume-Uni,SW6 SBY,10
251,London,ENG,England,GB,United Kingdom,Reino Unido,Royaume-Uni,SW8 1XD,10
252,London,ENG,England,GB,United Kingdom,Reino Unido,Royaume-Uni,SW8 4BG,10
253,London,ENG,England,GB,United Kingdom,Reino Unido,Royaume-Uni,W10 6BL,10
254,London,ENG,England,GB,United Kingdom,Reino Unido,Royaume-Uni,W1N 9FA,10
255,London,ENG,England,GB,United Kingdom,Reino Unido,Royaume-Uni,W1V 5RN,10
256,London,ENG,England,GB,United Kingdom,Reino Unido,Royaume-Uni,W1X3SE,10
257,London,ENG,England,GB,United Kingdom,Reino Unido,Royaume-Uni,W1Y 3RA,10
258,Maidenhead,ENG,England,GB,United Kingdom,Reino Unido,Royaume-Uni,SL67RJ,10
259,Milton Keynes,ENG,England,GB,United Kingdom,Reino Unido,Royaume-Uni,MK8 8DF,10
260,Milton Keynes,ENG,England,GB,United Kingdom,Reino Unido,Royaume-Uni,MK8 8ZD,10
261,Newcastle upon Tyne,ENG,England,GB,United Kingdom,Reino Unido,Royaume-Uni,NT20,10
262,Oxford,ENG,England,GB,United Kingdom,Reino Unido,Royaume-Uni,OX1,10
263,Oxford,ENG,England,GB,United Kingdom,Reino Unido,Royaume-Uni,OX14 4SE,10
264,Oxon,ENG,England,GB,United Kingdom,Reino Unido,Royaume-Uni,OX16 8RS,10
265,Peterborough,ENG,England,GB,United Kingdom,Reino Unido,Royaume-Uni,PB12,10
266,Reading,ENG,England,GB,United Kingdom,Reino Unido,Royaume-Uni,RG7 5H7,10
267,Runcorn,ENG,England,GB,United Kingdom,Reino Unido,Royaume-Uni,TY31,10
268,Liverpool,ENG,England,GB,United Kingdom,Reino Unido,Royaume-Uni,L4 4HB,10
269,Stoke-on-Trent,ENG,England,GB,United Kingdom,Reino Unido,Royaume-Uni,AS23,10
270,W. York,ENG,England,GB,United Kingdom,Reino Unido,Royaume-Uni,BD1 4SJ,10
271,Warrington,ENG,England,GB,United Kingdom,Reino Unido,Royaume-Uni,WA1,10
272,Warrington,ENG,England,GB,United Kingdom,Reino Unido,Royaume-Uni,WA3 7BH,10
273,Watford,ENG,England,GB,United Kingdom,Reino Unido,Royaume-Uni,WA3,10
274,West Sussex,ENG,England,GB,United Kingdom,Reino Unido,Royaume-Uni,RH15 9UD,10
275,Wokingham,ENG,England,GB,United Kingdom,Reino Unido,Royaume-Uni,RG41 1QW,10
276,Woolston,ENG,England,GB,United Kingdom,Reino Unido,Royaume-Uni,WA1 4SY,10
277,York,ENG,England,GB,United Kingdom,Reino Unido,Royaume-Uni,Y024 1GF,10
278,York,ENG,England,GB,United Kingdom,Reino Unido,Royaume-Uni,Y03 4TN,10
279,York,ENG,England,GB,United Kingdom,Reino Unido,Royaume-Uni,YO15,10
280,Birmingham,AL,Alabama,US,United States,Estados Unidos,États-Unis,35203,5
281,Florence,AL,Alabama,US,United States,Estados Unidos,États-Unis,35630,5
282,Huntsville,AL,Alabama,US,United States,Estados Unidos,États-Unis,35801,5
283,Mobile,AL,Alabama,US,United States,Estados Unidos,États-Unis,36602,5
284,Montgomery,AL,Alabama,US,United States,Estados Unidos,États-Unis,36104,5
285,Chandler,AZ,Arizona,US,United States,Estados Unidos,États-Unis,85225,4
286,Gilbert,AZ,Arizona,US,United States,Estados Unidos,États-Unis,85233,4
287,Mesa,AZ,Arizona,US,United States,Estados Unidos,États-Unis,85201,4
288,Phoenix,AZ,Arizona,US,United States,Estados Unidos,États-Unis,85004,4
289,Scottsdale,AZ,Arizona,US,United States,Estados Unidos,États-Unis,85257,4
290,Surprise,AZ,Arizona,US,United States,Estados Unidos,États-Unis,85374,4
291,Tucson,AZ,Arizona,US,United States,Estados Unidos,États-Unis,85701,4
292,Alhambra,CA,California,US,United States,Estados Unidos,États-Unis,91801,4
293,Alpine,CA,California,US,United States,Estados Unidos,États-Unis,91901,4
294,Auburn,CA,California,US,United States,Estados Unidos,États-Unis,95603,4
295,Baldwin Park,CA,California,US,United States,Estados Unidos,États-Unis,91706,4
296,Barstow,CA,California,US,United States,Estados Unidos,États-Unis,92311,4
297,Bell Gardens,CA,California,US,United States,Estados Unidos,États-Unis,90201,4
298,Bellflower,CA,California,US,United States,Estados Unidos,États-Unis,90706,4
299,Berkeley,CA,California,US,United States,Estados Unidos,États-Unis,94704,4
300,Beverly Hills,CA,California,US,United States,Estados Unidos,États-Unis,90210,4
301,Burbank,CA,California,US,United States,Estados Unidos,États-Unis,91502,4
302,Burlingame,CA,California,US,United States,Estados Unidos,États-Unis,94010,4
303,Camarillo,CA,California,US,United States,Estados Unidos,États-Unis,93010,4
304,Canoga Park,CA,California,US,United States,Estados Unidos,États-Unis,91303,4
305,Carson,CA,California,US,United States,Estados Unidos,États-Unis,90746,4
306,Cerritos,CA,California,US,United States,Estados Unidos,États-Unis,90703,4
307,Chula Vista,CA,California,US,United States,Estados Unidos,États-Unis,91910,4
308,Citrus Heights,CA,California,US,United States,Estados Unidos,États-Unis,95610,4
309,City Of Commerce,CA,California,US,United States,Estados Unidos,États-Unis,90040,4
310,Colma,CA,California,US,United States,Estados Unidos,États-Unis,94014,4
311,Concord,CA,California,US,United States,Estados Unidos,États-Unis,94519,4
312,Coronado,CA,California,US,United States,Estados Unidos,États-Unis,92118,4
313,Culver City,CA,California,US,United States,Estados Unidos,États-Unis,90232,4
314,Daly City,CA,California,US,United States,Estados Unidos,États-Unis,94015,4
315,Downey,CA,California,US,United States,Estados Unidos,États-Unis,90241,4
316,El Cajon,CA,California,US,United States,Estados Unidos,États-Unis,92020,4
317,El Segundo,CA,California,US,United States,Estados Unidos,États-Unis,90245,4
318,Elk Grove,CA,California,US,United States,Estados Unidos,États-Unis,95624,4
319,Escondido,CA,California,US,United States,Estados Unidos,États-Unis,92025,4
320,Eureka,CA,California,US,United States,Estados Unidos,États-Unis,95501,4
321,Fontana,CA,California,US,United States,Estados Unidos,États-Unis,92335,4
322,Fremont,CA,California,US,United States,Estados Unidos,États-Unis,94536,4
323,Fullerton,CA,California,US,United States,Estados Unidos,États-Unis,92831,4
324,Gilroy,CA,California,US,United States,Estados Unidos,États-Unis,95020,4
325,Glendale,CA,California,US,United States,Estados Unidos,États-Unis,91203,4
326,Grossmont,CA,California,US,United States,Estados Unidos,États-Unis,91941,4
327,Hanford,CA,California,US,United States,Estados Unidos,États-Unis,93230,4
328,Hayward,CA,California,US,United States,Estados Unidos,États-Unis,94541,4
329,Imperial Beach,CA,California,US,United States,Estados Unidos,États-Unis,91932,4
330,Irvine,CA,California,US,United States,Estados Unidos,États-Unis,92614,4
331,La Jolla,CA,California,US,United States,Estados Unidos,États-Unis,92806,4
332,La Mesa,CA,California,US,United States,Estados Unidos,États-Unis,91941,4
333,Lake Elsinore,CA,California,US,United States,Estados Unidos,États-Unis,92530,4
334,Lakewood,CA,California,US,United States,Estados Unidos,États-Unis,90712,4
335,Lemon Grove,CA,California,US,United States,Estados Unidos,États-Unis,91945,4
336,Lincoln Acres,CA,California,US,United States,Estados Unidos,États-Unis,91950,4
337,Long Beach,CA,California,US,United States,Estados Unidos,États-Unis,90802,4
338,Los Angeles,CA,California,US,United States,Estados Unidos,États-Unis,90012,4
339,Mill Valley,CA,California,US,United States,Estados Unidos,États-Unis,94941,4
340,Milpitas,CA,California,US,United States,Estados Unidos,États-Unis,95035,4
341,Modesto,CA,California,US,United States,Estados Unidos,États-Unis,95354,4
342,Monrovia,CA,California,US,United States,Estados Unidos,États-Unis,91016,4
343,National City,CA,California,US,United States,Estados Unidos,États-Unis,91950,4
344,Newark,CA,California,US,United States,Estados Unidos,États-Unis,94560,4
345,Newport Beach,CA,California,US,United States,Estados Unidos,États-Unis,92625,4
346,Norwalk,CA,California,US,United States,Estados Unidos,États-Unis,90650,4
347,Novato,CA,California,US,United States,Estados Unidos,États-Unis,94947,4
348,Oakland,CA,California,US,United States,Estados Unidos,États-Unis,94611,4
349,Ontario,CA,California,US,United States,Estados Unidos,États-Unis,91764,4
350,Orange,CA,California,US,United States,Estados Unidos,États-Unis,92867,4
351,Oxnard,CA,California,US,United States,Estados Unidos,États-Unis,93030,4
352,Palo Alto,CA,California,US,United States,Estados Unidos,États-Unis,94303,4
353,Pleasanton,CA,California,US,United States,Estados Unidos,États-Unis,94566,4
354,Redlands,CA,California,US,United States,Estados Unidos,États-Unis,92373,4
355,Redwood City,CA,California,US,United States,Estados Unidos,États-Unis,94063,4
356,Sacramento,CA,California,US,United States,Estados Unidos,États-Unis,95814,4
357,San Bruno,CA,California,US,United States,Estados Unidos,États-Unis,94066,4
358,San Carlos,CA,California,US,United States,Estados Unidos,États-Unis,94070,4
359,San Diego,CA,California,US,United States,Estados Unidos,États-Unis,92102,4
360,San Francisco,CA,California,US,United States,Estados Unidos,États-Unis,94109,4
361,San Gabriel,CA,California,US,United States,Estados Unidos,États-Unis,91776,4
362,San Jose,CA,California,US,United States,Estados Unidos,États-Unis,95112,4
363,San Mateo,CA,California,US,United States,Estados Unidos,États-Unis,94404,4
364,San Ramon,CA,California,US,United States,Estados Unidos,États-Unis,94583,4
365,San Ysidro,CA,California,US,United States,Estados Unidos,États-Unis,92173,4
366,Sand City,CA,California,US,United States,Estados Unidos,États-Unis,93955,4
367,Santa Ana,CA,California,US,United States,Estados Unidos,États-Unis,92701,4
368,Santa Cruz,CA,California,US,United States,Estados Unidos,États-Unis,95062,4
369,Santa Monica,CA,California,US,United States,Estados Unidos,États-Unis,90401,4
370,Sherman Oaks,CA,California,US,United States,Estados Unidos,États-Unis,91403,4
371,Simi Valley,CA,California,US,United States,Estados Unidos,États-Unis,93065,4
372,Spring Valley,CA,California,US,United States,Estados Unidos,États-Unis,91977,4
373,Stockton,CA,California,US,United States,Estados Unidos,États-Unis,95202,4
374,Torrance,CA,California,US,United States,Estados Unidos,États-Unis,90505,4
375,Trabuco Canyon,CA,California,US,United States,Estados Unidos,États-Unis,92679,4
376,Union City,CA,California,US,United States,Estados Unidos,États-Unis,94587,4
377,Upland,CA,California,US,United States,Estados Unidos,États-Unis,91786,4
378,Vacaville,CA,California,US,United States,Estados Unidos,États-Unis,95688,4
379,Van Nuys,CA,California,US,United States,Estados Unidos,États-Unis,91411,4
380,Visalia,CA,California,US,United States,Estados Unidos,États-Unis,93291,4
381,Vista,CA,California,US,United States,Estados Unidos,États-Unis,92084,4
382,Walnut Creek,CA,California,US,United States,Estados Unidos,États-Unis,94596,4
383,West Covina,CA,California,US,United States,Estados Unidos,États-Unis,91791,4
384,Whittier,CA,California,US,United States,Estados Unidos,États-Unis,90605,4
385,Woodland Hills,CA,California,US,United States,Estados Unidos,États-Unis,91364,4
386,Denver,CO,Colorado,US,United States,Estados Unidos,États-Unis,80203,3
387,Englewood,CO,Colorado,US,United States,Estados Unidos,États-Unis,80110,3
388,Greeley,CO,Colorado,US,United States,Estados Unidos,États-Unis,80631,3
389,Longmont,CO,Colorado,US,United States,Estados Unidos,États-Unis,80501,3
390,Loveland,CO,Colorado,US,United States,Estados Unidos,États-Unis,80537,3
391,Parker,CO,Colorado,US,United States,Estados Unidos,États-Unis,80138,3
392,Westminster,CO,Colorado,US,United States,Estados Unidos,États-Unis,80030,3
393,East Haven,CT,Connecticut,US,United States,Estados Unidos,États-Unis,6512,2
394,Farmington,CT,Connecticut,US,United States,Estados Unidos,États-Unis,6032,2
395,Hamden,CT,Connecticut,US,United States,Estados Unidos,États-Unis,6518,2
396,Milford,CT,Connecticut,US,United States,Estados Unidos,États-Unis,6460,2
397,New Haven,CT,Connecticut,US,United States,Estados Unidos,États-Unis,6510,2
398,Stamford,CT,Connecticut,US,United States,Estados Unidos,États-Unis,6901,2
399,Waterbury,CT,Connecticut,US,United States,Estados Unidos,États-Unis,6710,2
400,Westport,CT,Connecticut,US,United States,Estados Unidos,États-Unis,6880,2
401,Altamonte Springs,FL,Florida,US,United States,Estados Unidos,États-Unis,32701,5
402,Bradenton,FL,Florida,US,United States,Estados Unidos,États-Unis,34205,5
403,Clearwater,FL,Florida,US,United States,Estados Unidos,États-Unis,33755,5
404,Destin,FL,Florida,US,United States,Estados Unidos,États-Unis,32541,5
405,Hollywood,FL,Florida,US,United States,Estados Unidos,États-Unis,33021,5
406,Kendall,FL,Florida,US,United States,Estados Unidos,États-Unis,33143,5
407,Lakeland,FL,Florida,US,United States,Estados Unidos,États-Unis,33801,5
408,Merritt Island,FL,Florida,US,United States,Estados Unidos,États-Unis,32952,5
409,Miami,FL,Florida,US,United States,Estados Unidos,États-Unis,33127,5
410,North Miami Beach,FL,Florida,US,United States,Estados Unidos,États-Unis,33162,5
411,Orlando,FL,Florida,US,United States,Estados Unidos,États-Unis,32804,5
412,Sarasota,FL,Florida,US,United States,Estados Unidos,États-Unis,34236,5
413,Sunrise,FL,Florida,US,United States,Estados Unidos,États-Unis,33322,5
414,Tampa,FL,Florida,US,United States,Estados Unidos,États-Unis,33602,5
415,Vero Beach,FL,Florida,US,United States,Estados Unidos,États-Unis,32960,5
416,Atlanta,GA,Georgia,US,United States,Estados Unidos,États-Unis,30308,5
417,Augusta,GA,Georgia,US,United States,Estados Unidos,États-Unis,30901,5
418,Austell,GA,Georgia,US,United States,Estados Unidos,États-Unis,30106,5
419,Byron,GA,Georgia,US,United States,Estados Unidos,États-Unis,31008,5
420,Clarkston,GA,Georgia,US,United States,Estados Unidos,États-Unis,30021,5
421,Columbus,GA,Georgia,US,United States,Estados Unidos,États-Unis,31901,5
422,Decatur,GA,Georgia,US,United States,Estados Unidos,États-Unis,30030,5
423,La Grange,GA,Georgia,US,United States,Estados Unidos,États-Unis,30240,5
424,Marietta,GA,Georgia,US,United States,Estados Unidos,États-Unis,30060,5
425,Mcdonough,GA,Georgia,US,United States,Estados Unidos,États-Unis,30253,5
426,Savannah,GA,Georgia,US,United States,Estados Unidos,États-Unis,31401,5
427,Suwanee,GA,Georgia,US,United States,Estados Unidos,États-Unis,30024,5
428,Idaho Falls,ID,Idaho,US,United States,Estados Unidos,États-Unis,83402,1
429,Lewiston,ID,Idaho,US,United States,Estados Unidos,États-Unis,83501,1
430,Sandpoint,ID,Idaho,US,United States,Estados Unidos,États-Unis,83864,1
431,Carol Stream,IL,Illinois,US,United States,Estados Unidos,États-Unis,60188,3
432,Chicago,IL,Illinois,US,United States,Estados Unidos,États-Unis,60610,3
433,Elgin,IL,Illinois,US,United States,Estados Unidos,États-Unis,60120,3
434,Joliet,IL,Illinois,US,United States,Estados Unidos,États-Unis,60433,3
435,Moline,IL,Illinois,US,United States,Estados Unidos,États-Unis,61265,3
436,Norridge,IL,Illinois,US,United States,Estados Unidos,États-Unis,60706,3
437,Peoria,IL,Illinois,US,United States,Estados Unidos,États-Unis,61606,3
438,Tuscola,IL,Illinois,US,United States,Estados Unidos,États-Unis,61953,3
439,West Chicago,IL,Illinois,US,United States,Estados Unidos,États-Unis,60185,3
440,Wood Dale,IL,Illinois,US,United States,Estados Unidos,États-Unis,60191,3
441,Daleville,IN,Indiana,US,United States,Estados Unidos,États-Unis,47334,2
442,Fort Wayne,IN,Indiana,US,United States,Estados Unidos,États-Unis,46807,2
443,Indianapolis,IN,Indiana,US,United States,Estados Unidos,États-Unis,46204,2
444,Logansport,IN,Indiana,US,United States,Estados Unidos,États-Unis,46947,2
445,Michigan City,IN,Indiana,US,United States,Estados Unidos,États-Unis,46360,2
446,New Castle,IN,Indiana,US,United States,Estados Unidos,États-Unis,47362,2
447,South Bend,IN,Indiana,US,United States,Estados Unidos,États-Unis,46601,2
448,Campbellsville,KY,Kentucky,US,United States,Estados Unidos,États-Unis,42718,5
449,Florence,KY,Kentucky,US,United States,Estados Unidos,États-Unis,41042,5
450,Newport,KY,Kentucky,US,United States,Estados Unidos,États-Unis,41071,5
451,Saint Matthews,KY,Kentucky,US,United States,Estados Unidos,États-Unis,40207,5
452,Somerset,KY,Kentucky,US,United States,Estados Unidos,États-Unis,42501,5
453,Braintree,MA,Massachusetts,US,United States,Estados Unidos,États-Unis,2184,2
454,Norwood,MA,Massachusetts,US,United States,Estados Unidos,États-Unis,2062,2
455,Randolph,MA,Massachusetts,US,United States,Estados Unidos,États-Unis,2368,2
456,Saugus,MA,Massachusetts,US,United States,Estados Unidos,États-Unis,1906,2
457,Wrentham,MA,Massachusetts,US,United States,Estados Unidos,États-Unis,2093,2
458,Baltimore,MD,Maryland,US,United States,Estados Unidos,États-Unis,21201,2
459,Kittery,ME,Maine,US,United States,Estados Unidos,États-Unis,3904,2
460,Detroit,MI,Michigan,US,United States,Estados Unidos,États-Unis,48226,3
461,Holland,MI,Michigan,US,United States,Estados Unidos,États-Unis,49423,3
462,Howell,MI,Michigan,US,United States,Estados Unidos,États-Unis,48843,3
463,Madison Heights,MI,Michigan,US,United States,Estados Unidos,États-Unis,48071,3
464,Midland,MI,Michigan,US,United States,Estados Unidos,États-Unis,48640,3
465,Monroe,MI,Michigan,US,United States,Estados Unidos,États-Unis,98272,3
466,Novi,MI,Michigan,US,United States,Estados Unidos,États-Unis,48375,3
467,Pontiac,MI,Michigan,US,United States,Estados Unidos,États-Unis,48342,3
468,Port Huron,MI,Michigan,US,United States,Estados Unidos,États-Unis,48060,3
469,Redford,MI,Michigan,US,United States,Estados Unidos,États-Unis,48239,3
470,Saginaw,MI,Michigan,US,United States,Estados Unidos,États-Unis,48601,3
471,Southfield,MI,Michigan,US,United States,Estados Unidos,États-Unis,48034,3
472,Southgate,MI,Michigan,US,United States,Estados Unidos,États-Unis,48195,3
473,Westland,MI,Michigan,US,United States,Estados Unidos,États-Unis,48185,3
474,Zeeland,MI,Michigan,US,United States,Estados Unidos,États-Unis,49464,3
475,Branch,MN,Minnesota,US,United States,Estados Unidos,États-Unis,55056,3
476,Duluth,MN,Minnesota,US,United States,Estados Unidos,États-Unis,55802,3
477,Edina,MN,Minnesota,US,United States,Estados Unidos,États-Unis,55436,3
478,Medford,MN,Minnesota,US,United States,Estados Unidos,États-Unis,55049,3
479,Minneapolis,MN,Minnesota,US,United States,Estados Unidos,États-Unis,55402,3
480,Woodbury,MN,Minnesota,US,United States,Estados Unidos,États-Unis,55125,3
481,Branson,MO,Missouri,US,United States,Estados Unidos,États-Unis,65616,3
482,Ferguson,MO,Missouri,US,United States,Estados Unidos,États-Unis,63135,3
483,Jefferson City,MO,Missouri,US,United States,Estados Unidos,États-Unis,65101,3
484,Kansas City,MO,Missouri,US,United States,Estados Unidos,États-Unis,64106,3
485,Odessa,MO,Missouri,US,United States,Estados Unidos,États-Unis,64076,3
486,Saint Ann,MO,Missouri,US,United States,Estados Unidos,États-Unis,63074,3
487,Saint Louis,MO,Missouri,US,United States,Estados Unidos,États-Unis,63103,3
488,Biloxi,MS,Mississippi,US,United States,Estados Unidos,États-Unis,39530,5
489,Gulfport,MS,Mississippi,US,United States,Estados Unidos,États-Unis,39501,5
490,Tupelo,MS,Mississippi,US,United States,Estados Unidos,États-Unis,38804,5
491,Billings,MT,Montana,US,United States,Estados Unidos,États-Unis,59101,1
492,Great Falls,MT,Montana,US,United States,Estados Unidos,États-Unis,59401,1
493,Missoula,MT,Montana,US,United States,Estados Unidos,États-Unis,59801,1
494,Charlotte,NC,North Carolina,US,United States,Estados Unidos,États-Unis,28202,5
495,Greensboro,NC,North Carolina,US,United States,Estados Unidos,États-Unis,27412,5
496,Kannapolis,NC,North Carolina,US,United States,Estados Unidos,États-Unis,28081,5
497,Raleigh,NC,North Carolina,US,United States,Estados Unidos,États-Unis,27603,5
498,Rocky Mount,NC,North Carolina,US,United States,Estados Unidos,États-Unis,27803,5
499,Smithfield,NC,North Carolina,US,United States,Estados Unidos,États-Unis,27577,5
500,Winston-Salem,NC,North Carolina,US,United States,Estados Unidos,États-Unis,27104,5
501,Hooksett,NH,New Hampshire,US,United States,Estados Unidos,États-Unis,3106,2
502,Nashua,NH,New Hampshire,US,United States,Estados Unidos,États-Unis,3064,2
503,Plaistow,NH,New Hampshire,US,United States,Estados Unidos,États-Unis,3865,2
504,Tilton,NH,New Hampshire,US,United States,Estados Unidos,États-Unis,3276,2
505,Las Cruces,NM,New Mexico,US,United States,Estados Unidos,États-Unis,88001,4
506,Rio Rancho,NM,New Mexico,US,United States,Estados Unidos,États-Unis,87124,4
507,Santa Fe,NM,New Mexico,US,United States,Estados Unidos,États-Unis,87501,4
508,Fernley,NV,Nevada,US,United States,Estados Unidos,États-Unis,89408,1
509,Las Vegas,NV,Nevada,US,United States,Estados Unidos,États-Unis,89106,1
510,North Las Vegas,NV,Nevada,US,United States,Estados Unidos,États-Unis,89030,1
511,Reno,NV,Nevada,US,United States,Estados Unidos,États-Unis,89502,1
512,Sparks,NV,Nevada,US,United States,Estados Unidos,États-Unis,89431,1
513,Central Valley,NY,New York,US,United States,Estados Unidos,États-Unis,10917,2
514,Cheektowaga,NY,New York,US,United States,Estados Unidos,États-Unis,14227,2
515,Clay,NY,New York,US,United States,Estados Unidos,États-Unis,13041,2
516,De Witt,NY,New York,US,United States,Estados Unidos,États-Unis,13214,2
517,Endicott,NY,New York,US,United States,Estados Unidos,États-Unis,13760,2
518,Ithaca,NY,New York,US,United States,Estados Unidos,États-Unis,14850,2
519,Lake George,NY,New York,US,United States,Estados Unidos,États-Unis,12845,2
520,Melville,NY,New York,US,United States,Estados Unidos,États-Unis,11747,2
521,New Hartford,NY,New York,US,United States,Estados Unidos,États-Unis,13413,2
522,New York,NY,New York,US,United States,Estados Unidos,États-Unis,10007,2
523,Valley Stream,NY,New York,US,United States,Estados Unidos,États-Unis,11580,2
524,Burbank,OH,Ohio,US,United States,Estados Unidos,États-Unis,44214,2
525,Cincinnati,OH,Ohio,US,United States,Estados Unidos,États-Unis,45202,2
526,Columbus,OH,Ohio,US,United States,Estados Unidos,États-Unis,43215,2
527,Euclid,OH,Ohio,US,United States,Estados Unidos,États-Unis,44119,2
528,Heath,OH,Ohio,US,United States,Estados Unidos,États-Unis,43056,2
529,Holland,OH,Ohio,US,United States,Estados Unidos,États-Unis,43528,2
530,Mansfield,OH,Ohio,US,United States,Estados Unidos,États-Unis,44903,2
531,Mentor,OH,Ohio,US,United States,Estados Unidos,États-Unis,44060,2
532,North Randall,OH,Ohio,US,United States,Estados Unidos,États-Unis,44128,2
533,Oberlin,OH,Ohio,US,United States,Estados Unidos,États-Unis,44074,2
534,Springdale,OH,Ohio,US,United States,Estados Unidos,États-Unis,45246,2
535,Albany,OR,Oregon,US,United States,Estados Unidos,États-Unis,97321,1
536,Beaverton,OR,Oregon,US,United States,Estados Unidos,États-Unis,97005,1
537,Clackamas,OR,Oregon,US,United States,Estados Unidos,États-Unis,97015,1
538,Clackamas,OR,Oregon,US,United States,Estados Unidos,États-Unis,97015-6403,1
539,Corvallis,OR,Oregon,US,United States,Estados Unidos,États-Unis,97330,1
540,Hillsboro,OR,Oregon,US,United States,Estados Unidos,États-Unis,97123,1
541,Klamath Falls,OR,Oregon,US,United States,Estados Unidos,États-Unis,97601,1
542,Lake Oswego,OR,Oregon,US,United States,Estados Unidos,États-Unis,97034,1
543,Lebanon,OR,Oregon,US,United States,Estados Unidos,États-Unis,97355,1
544,Medford,OR,Oregon,US,United States,Estados Unidos,États-Unis,97504,1
545,Milwaukie,OR,Oregon,US,United States,Estados Unidos,États-Unis,97222,1
546,Oregon City,OR,Oregon,US,United States,Estados Unidos,États-Unis,97045,1
547,Portland,OR,Oregon,US,United States,Estados Unidos,États-Unis,97205,1
548,Salem,OR,Oregon,US,United States,Estados Unidos,États-Unis,97301,1
549,Springfield,OR,Oregon,US,United States,Estados Unidos,États-Unis,97477,1
550,Tigard,OR,Oregon,US,United States,Estados Unidos,États-Unis,97223,1
551,Troutdale,OR,Oregon,US,United States,Estados Unidos,États-Unis,97060,1
552,W. Linn,OR,Oregon,US,United States,Estados Unidos,États-Unis,97068,1
553,Woodburn,OR,Oregon,US,United States,Estados Unidos,États-Unis,97071,1
554,Warwick,RI,Rhode Island,US,United States,Estados Unidos,États-Unis,2889,2
555,West Kingston,RI,Rhode Island,US,United States,Estados Unidos,États-Unis,2892,2
556,Woonsocket,RI,Rhode Island,US,United States,Estados Unidos,États-Unis,2895,2
557,Bluffton,SC,South Carolina,US,United States,Estados Unidos,États-Unis,29910,5
558,Gaffney,SC,South Carolina,US,United States,Estados Unidos,États-Unis,29340,5
559,Myrtle Beach,SC,South Carolina,US,United States,Estados Unidos,États-Unis,29577,5
560,Denby,SD,South Dakota,US,United States,Estados Unidos,États-Unis,57716,3
561,North Sioux City,SD,South Dakota,US,United States,Estados Unidos,États-Unis,57049,3
562,Crossville,TN,Tennessee,US,United States,Estados Unidos,États-Unis,38555,5
563,Hixson,TN,Tennessee,US,United States,Estados Unidos,États-Unis,37343,5
564,Kingsport,TN,Tennessee,US,United States,Estados Unidos,États-Unis,37660,5
565,La Vergne,TN,Tennessee,US,United States,Estados Unidos,États-Unis,37086,5
566,Maryville,TN,Tennessee,US,United States,Estados Unidos,États-Unis,37801,5
567,Memphis,TN,Tennessee,US,United States,Estados Unidos,États-Unis,38103,5
568,Millington,TN,Tennessee,US,United States,Estados Unidos,États-Unis,38054,5
569,Nashville,TN,Tennessee,US,United States,Estados Unidos,États-Unis,37203,5
570,Pigeon Forge,TN,Tennessee,US,United States,Estados Unidos,États-Unis,37863,5
571,Arlington,TX,Texas,US,United States,Estados Unidos,États-Unis,76010,4
572,Austin,TX,Texas,US,United States,Estados Unidos,États-Unis,78701,4
573,Baytown,TX,Texas,US,United States,Estados Unidos,États-Unis,77520,4
574,Carrollton,TX,Texas,US,United States,Estados Unidos,États-Unis,75006,4
575,Cedar Park,TX,Texas,US,United States,Estados Unidos,États-Unis,78613,4
576,College Station,TX,Texas,US,United States,Estados Unidos,États-Unis,77840,4
577,Corpus Christi,TX,Texas,US,United States,Estados Unidos,États-Unis,78404,4
578,Dallas,TX,Texas,US,United States,Estados Unidos,États-Unis,75201,4
579,Fort Worth,TX,Texas,US,United States,Estados Unidos,États-Unis,76102,4
580,Garland,TX,Texas,US,United States,Estados Unidos,États-Unis,75040,4
581,Hillsboro,TX,Texas,US,United States,Estados Unidos,États-Unis,76645,4
582,Houston,TX,Texas,US,United States,Estados Unidos,États-Unis,77003,4
583,Humble,TX,Texas,US,United States,Estados Unidos,États-Unis,77338,4
584,Irving,TX,Texas,US,United States,Estados Unidos,États-Unis,75061,4
585,Killeen,TX,Texas,US,United States,Estados Unidos,États-Unis,76541,4
586,La Marque,TX,Texas,US,United States,Estados Unidos,États-Unis,77568,4
587,Laredo,TX,Texas,US,United States,Estados Unidos,États-Unis,78040,4
588,Mesquite,TX,Texas,US,United States,Estados Unidos,États-Unis,75149,4
589,Plano,TX,Texas,US,United States,Estados Unidos,États-Unis,75074,4
590,Round Rock,TX,Texas,US,United States,Estados Unidos,États-Unis,78664,4
591,San Antonio,TX,Texas,US,United States,Estados Unidos,États-Unis,78204,4
592,Stafford,TX,Texas,US,United States,Estados Unidos,États-Unis,77477,4
593,Sugar Land,TX,Texas,US,United States,Estados Unidos,États-Unis,77478,4
594,Bountiful,UT,Utah,US,United States,Estados Unidos,États-Unis,84010,1
595,Cedar City,UT,Utah,US,United States,Estados Unidos,États-Unis,84720,1
596,Ogden,UT,Utah,US,United States,Estados Unidos,États-Unis,84401,1
597,Park City,UT,Utah,US,United States,Estados Unidos,États-Unis,84098,1
598,Riverton,UT,Utah,US,United States,Estados Unidos,États-Unis,84065,1
599,Salt Lake City,UT,Utah,US,United States,Estados Unidos,États-Unis,84101,1
600,Sandy,UT,Utah,US,United States,Estados Unidos,États-Unis,84070,1
601,Tooele,UT,Utah,US,United States,Estados Unidos,États-Unis,84074,1
602,Chantilly,VA,Virginia,US,United States,Estados Unidos,États-Unis,20151,5
603,Falls Church,VA,Virginia,US,United States,Estados Unidos,États-Unis,22046,5
604,Leesburg,VA,Virginia,US,United States,Estados Unidos,États-Unis,20176,5
605,Newport News,VA,Virginia,US,United States,Estados Unidos,États-Unis,23607,5
606,Virginia Beach,VA,Virginia,US,United States,Estados Unidos,États-Unis,23451,5
607,Ballard,WA,Washington,US,United States,Estados Unidos,États-Unis,98107,1
608,Bellevue,WA,Washington,US,United States,Estados Unidos,États-Unis,98004,1
609,Bellingham,WA,Washington,US,United States,Estados Unidos,États-Unis,98225,1
610,Bothell,WA,Washington,US,United States,Estados Unidos,États-Unis,98011,1
611,Bremerton,WA,Washington,US,United States,Estados Unidos,États-Unis,98312,1
612,Burien,WA,Washington,US,United States,Estados Unidos,États-Unis,98168,1
613,Chehalis,WA,Washington,US,United States,Estados Unidos,États-Unis,98532,1
614,Edmonds,WA,Washington,US,United States,Estados Unidos,États-Unis,98020,1
615,Ellensburg,WA,Washington,US,United States,Estados Unidos,États-Unis,98926,1
616,Everett,WA,Washington,US,United States,Estados Unidos,États-Unis,98201,1
617,Federal Way,WA,Washington,US,United States,Estados Unidos,États-Unis,98003,1
618,Issaquah,WA,Washington,US,United States,Estados Unidos,États-Unis,98027,1
619,Kelso,WA,Washington,US,United States,Estados Unidos,États-Unis,98626,1
620,Kenmore,WA,Washington,US,United States,Estados Unidos,États-Unis,98028,1
621,Kennewick,WA,Washington,US,United States,Estados Unidos,États-Unis,99337,1
622,Kent,WA,Washington,US,United States,Estados Unidos,États-Unis,98031,1
623,Kirkland,WA,Washington,US,United States,Estados Unidos,États-Unis,98033,1
624,Lacey,WA,Washington,US,United States,Estados Unidos,États-Unis,98503,1
625,Longview,WA,Washington,US,United States,Estados Unidos,États-Unis,98632,1
626,Lynnwood,WA,Washington,US,United States,Estados Unidos,États-Unis,98036,1
627,Marysville,WA,Washington,US,United States,Estados Unidos,États-Unis,98270,1
628,Monroe,WA,Washington,US,United States,Estados Unidos,États-Unis,98272,1
629,Newport Hills,WA,Washington,US,United States,Estados Unidos,États-Unis,98006,1
630,North Bend,WA,Washington,US,United States,Estados Unidos,États-Unis,98045,1
631,Olympia,WA,Washington,US,United States,Estados Unidos,États-Unis,98501,1
632,Port Orchard,WA,Washington,US,United States,Estados Unidos,États-Unis,98366,1
633,Puyallup,WA,Washington,US,United States,Estados Unidos,États-Unis,98371,1
634,Redmond,WA,Washington,US,United States,Estados Unidos,États-Unis,98052,1
635,Renton,WA,Washington,US,United States,Estados Unidos,États-Unis,98055,1
636,Sammamish,WA,Washington,US,United States,Estados Unidos,États-Unis,98074,1
637,Seattle,WA,Washington,US,United States,Estados Unidos,États-Unis,98104,1
638,Sedro Woolley,WA,Washington,US,United States,Estados Unidos,États-Unis,98284,1
639,Sequim,WA,Washington,US,United States,Estados Unidos,États-Unis,98382,1
640,Shelton,WA,Washington,US,United States,Estados Unidos,États-Unis,98584,1
641,Spokane,WA,Washington,US,United States,Estados Unidos,États-Unis,99202,1
642,Tacoma,WA,Washington,US,United States,Estados Unidos,États-Unis,98403,1
643,Union Gap,WA,Washington,US,United States,Estados Unidos,États-Unis,98903,1
644,Walla Walla,WA,Washington,US,United States,Estados Unidos,États-Unis,99362,1
645,Washougal,WA,Washington,US,United States,Estados Unidos,États-Unis,98671,1
646,Wenatchee,WA,Washington,US,United States,Estados Unidos,États-Unis,98801,1
647,Woodinville,WA,Washington,US,United States,Estados Unidos,États-Unis,98072,1
648,Yakima,WA,Washington,US,United States,Estados Unidos,États-Unis,98901,1
649,Johnson Creek,WI,Wisconsin,US,United States,Estados Unidos,États-Unis,53038,3
650,Milwaukee,WI,Wisconsin,US,United States,Estados Unidos,États-Unis,53202,3
651,Mosinee,WI,Wisconsin,US,United States,Estados Unidos,États-Unis,54455,3
652,Racine,WI,Wisconsin,US,United States,Estados Unidos,États-Unis,53182,3
653,Casper,WY,Wyoming,US,United States,Estados Unidos,États-Unis,82601,1
654,Cheyenne,WY,Wyoming,US,United States,Estados Unidos,États-Unis,82001,1
655,Rock Springs,WY,Wyoming,US,United States,Estados Unidos,États-Unis,82901,1
